"id","name","description","currency","cost","col","row","prerequisite_ids","effect_type","value","max_rank","stage","implementation_notes"
"meta_legacy","矿业传承","[color=#67E9F8][b]永久[/b][/color]树根；启用[color=#67E9F8][b]升华点[/b][/color]与[color=#67E9F8][b]声望[/b][/color]。","升华点","0","0","0","","UNLOCK_META","1","1","树根","启用升华点与声望。升华点公式（Cookie Clicker 式）：总点 = floor(cbrt(累计金币/1e6))，按全时间累计推导永不减少，升华时领取差值；每点升华点提供 +1% 金币获取（按已领取点数计入声望，全局被动）。购买状态永久保存。"
"meta_deep_mining","深层采矿许可","允许购买全部[color=#67E9F8][b]矿物[/b][/color][color=#67E9F8][b]价值升级[/b][/color]的[color=#86EFAC][b]第 5~6 级[/b][/color]。","升华点","10","0","-1","meta_legacy","UNLOCK_TIER_RANGE","5-6","1","扩展 I","允许购买全部矿物价值升级第 5~6 级。购买状态永久保存。"
"meta_abyssal_mining","深渊采矿许可","允许购买[color=#67E9F8][b]矿物[/b][/color][color=#67E9F8][b]价值升级[/b][/color]的[color=#86EFAC][b]第 7~8 级[/b][/color]；成本超 int，需[color=#86EFAC][b]BigNumber[/b][/color]。","升华点","250","0","-2","meta_deep_mining","UNLOCK_TIER_RANGE","7-8","1","大数","允许购买第 7~8 级（成本超 int，需 BigNumber）。购买状态永久保存。"
"meta_endless_mining","无尽采矿许可","允许购买[color=#67E9F8][b]矿物[/b][/color][color=#67E9F8][b]价值升级[/b][/color]的[color=#86EFAC][b]第 9~10 级[/b][/color]；必须启用[color=#86EFAC][b]BigNumber[/b][/color]。","升华点","5000","0","-3","meta_abyssal_mining","UNLOCK_TIER_RANGE","9-10","1","终局","允许购买第 9~10 级；必须启用 BigNumber。购买状态永久保存。"
"meta_water_sink","水域回收","[color=#67E9F8][b]解锁[/b][/color]：落入[color=#67E9F8][b]水域[/b][/color]的矿返还 10% 金币。","升华点","1","1","0","meta_legacy","WATER_SINK_REFUND","0.1","1","扩展 I","解锁水域沉没矿返还金币机制。默认水域吞矿不给钱；购买后水格沉没按 10% 比例结算。购买状态永久保存。"
"meta_area_5x5","拓荒 I","开局可探索区域扩大至[color=#86EFAC][b]5×5[/b][/color]（中心 1 块陆地 + 24 块水域）。","升华点","5","2","0","meta_water_sink","START_AREA","5","1","扩展 I","新一轮开始时水域范围扩大到 5×5。购买状态永久保存。"
"meta_area_7x7","拓荒 II","开局可探索区域扩大至[color=#86EFAC][b]7×7[/b][/color]。","升华点","25","3","0","meta_area_5x5","START_AREA","7","1","扩展 II","新一轮开始时水域范围扩大到 7×7。购买状态永久保存。"
"meta_area_9x9","拓荒 III","开局可探索区域扩大至[color=#86EFAC][b]9×9[/b][/color]。","升华点","125","0","1","meta_area_7x7","START_AREA","9","1","扩展 III","新一轮开始时水域范围扩大到 9×9。购买状态永久保存。"
"meta_unlimited_placement","无限建设","[color=#67E9F8][b]取消[/b][/color]只能替换水域与区域边界的限制，可在任意相邻格放置地块。","升华点","1000","0","2","meta_area_9x9","UNLIMITED_PLACEMENT","1","1","终局","无限放置：不再要求目标格必须是水域，也不再受开局区域半径限制。购买状态永久保存。"
