"id","name","description","currency","cost","cost_display","cost_mantissa","cost_exponent","col","row","prerequisite_ids","ascension_prerequisite_id","unlock_condition","effect_type","target_ids","operation","value","max_rank","secondary_effect","group","branch","level","stage","requires_big_number"
"talent_reset","重置·升华","重置本轮[color=#67E9F8][b]普通天赋[/b][/color]并进行[color=#67E9F8][b]升华[/b][/color]，结算本次可获得的[color=#67E9F8][b]升华点[/b][/color]与[color=#67E9F8][b]声望[/b][/color]。","金币","0","0","0","0","0","0","","","始终可见","PRESTIGE_RESET","normal_run","RESET","1","1","升华点 = floor(cbrt(累计金币 / 1e6))，升华时领取差值；每点升华点提供 +1% 金币获取（计入声望）","核心","prestige","Root","核心","false"
"pickaxe_root","稿子精通","解锁[color=#67E9F8][b]稿子升级[/b][/color]链。","金币","500","500","5","2","0","-1","","","开局可见","PICKAXE_UPGRADE","pickaxe","UNLOCK","1","1","","稿子","pickaxe","1","本轮核心","false"
"pickaxe_dmg_1","稿子·锋利 I","[color=#67E9F8][b]稿子基础伤害[/b][/color] [color=#86EFAC][b]+5[/b][/color]。","金币","2500","2.5K","2.5","3","0","-2","pickaxe_root","","已购买 稿子精通","PICKAXE_DAMAGE_FLAT","pickaxe","ADD","5","1","","稿子","pickaxe","2","本轮核心","false"
"pickaxe_dmg_2","稿子·锋利 II","[color=#67E9F8][b]稿子基础伤害[/b][/color] [color=#86EFAC][b]+5[/b][/color]。","金币","25000","2.5K","2.5","4","0","-3","pickaxe_dmg_1","","已购买 稿子·锋利 I","PICKAXE_DAMAGE_FLAT","pickaxe","ADD","5","1","","稿子","pickaxe","3","本轮核心","false"
"pickaxe_dmg_3","稿子·锋利 III","[color=#67E9F8][b]稿子基础伤害[/b][/color] [color=#86EFAC][b]+10[/b][/color]。","金币","250000","2.5K","2.5","5","0","-4","pickaxe_dmg_2","","已购买 稿子·锋利 II","PICKAXE_DAMAGE_FLAT","pickaxe","ADD","10","1","","稿子","pickaxe","4","本轮核心","false"
"pickaxe_crit_1","稿子·精准 I","[color=#67E9F8][b]暴击几率[/b][/color] [color=#86EFAC][b]+2%[/b][/color]。","金币","2500000","2.5M","2.5","6","0","-5","pickaxe_dmg_3","","已购买 稿子·锋利 III","PICKAXE_CRIT_CHANCE","pickaxe","ADD","0.02","1","","稿子","pickaxe","5","本轮核心","false"
"pickaxe_crit_2","稿子·精准 II","[color=#67E9F8][b]暴击几率[/b][/color] [color=#86EFAC][b]+3%[/b][/color]。","金币","25000000","2.5M","2.5","7","0","-6","pickaxe_crit_1","","已购买 稿子·精准 I","PICKAXE_CRIT_CHANCE","pickaxe","ADD","0.03","1","","稿子","pickaxe","6","本轮核心","false"
"pickaxe_critdmg","稿子·重击","[color=#67E9F8][b]暴击伤害[/b][/color] [color=#86EFAC][b]+50%[/b][/color]。","金币","250000000","2.5M","2.5","8","0","-7","pickaxe_crit_2","","已购买 稿子·精准 II","PICKAXE_CRIT_DAMAGE","pickaxe","ADD","0.5","1","","稿子","pickaxe","7","本轮核心","false"
"pickaxe_aoe","稿子·横扫","[color=#67E9F8][b]稿子作用范围[/b][/color] [color=#86EFAC][b]+1 格[/b][/color]。","金币","2500000000","2.5B","2.5","9","0","-8","pickaxe_critdmg","","已购买 稿子·重击","PICKAXE_AOE","pickaxe","SET","1","1","","稿子","pickaxe","8","本轮核心","false"
"coin_bonus","金币收益","[color=#67E9F8][b]全局金币获取[/b][/color] [color=#86EFAC][b]+10%[/b][/color]。","金币","100","100","1","2","-1","0","","","开局可见","GLOBAL_COIN_MULT","all","ADD","0.1","1","","金币收益","coin","1","本轮核心","false"
"coin_bonus_2","金币收益 II","[color=#67E9F8][b]全局金币获取[/b][/color] [color=#86EFAC][b]+10%[/b][/color]。","金币","1000","1K","1","3","-2","0","coin_bonus","","已购买 金币收益","GLOBAL_COIN_MULT","all","ADD","0.1","1","","金币收益","coin","2","本轮核心","false"
"coin_bonus_3","金币收益 III","[color=#67E9F8][b]全局金币获取[/b][/color] [color=#86EFAC][b]+10%[/b][/color]。","金币","10000","1K","1","4","-3","0","coin_bonus_2","","已购买 金币收益 II","GLOBAL_COIN_MULT","all","ADD","0.1","1","","金币收益","coin","3","本轮核心","false"
"coin_bonus_4","金币收益 IV","[color=#67E9F8][b]全局金币获取[/b][/color] [color=#86EFAC][b]+10%[/b][/color]。","金币","100000","1K","1","5","-4","0","coin_bonus_3","","已购买 金币收益 III","GLOBAL_COIN_MULT","all","ADD","0.1","1","","金币收益","coin","4","本轮核心","false"
"coin_bonus_5","金币收益 V","[color=#67E9F8][b]全局金币获取[/b][/color] [color=#86EFAC][b]+10%[/b][/color]。","金币","1000000","1M","1","6","-5","0","coin_bonus_4","","已购买 金币收益 IV","GLOBAL_COIN_MULT","all","ADD","0.1","1","","金币收益","coin","5","本轮核心","false"
"coin_bonus_6","金币收益 VI","[color=#67E9F8][b]全局金币获取[/b][/color] [color=#86EFAC][b]+10%[/b][/color]。","金币","10000000","1M","1","7","-6","0","coin_bonus_5","","已购买 金币收益 V","GLOBAL_COIN_MULT","all","ADD","0.1","1","","金币收益","coin","6","本轮核心","false"
"coin_ore_value","落矿收益","[color=#67E9F8][b]矿石结算价值[/b][/color] [color=#86EFAC][b]+10%[/b][/color]。","金币","500000000","5M","5","8","-6","-1","coin_bonus_6","","已购买 金币收益 VI","GLOBAL_ORE_VALUE_MULT","all","ADD","0.1","1","","金币收益","coin","Cap","升华扩展 I","false"
"unlock_dirt","解锁·泥土","[color=#67E9F8][b]泥土[/b][/color][color=#67E9F8][b]解锁[/b][/color]：允许实体 dirt 进入[color=#67E9F8][b]自然落矿池[/b][/color]（[color=#86EFAC][b]Lv1~3[/b][/color]同时允许）。","金币","0","0","0","0","1","0","","","","UNLOCK_ORE","dirt","UNLOCK","1","1","","矿物解锁","dirt","Unlock","本轮核心","false"
"prod_dirt_01","泥土·基础工具","[color=#67E9F8][b]泥土[/b][/color][color=#67E9F8][b]结算价值[/b][/color] [color=#86EFAC][b]×2[/b][/color]；购买后该矿价值累计倍率为 [color=#86EFAC][b]×2[/b][/color]。","金币","50","50","5","1","1","-1","unlock_dirt","","dirt_mined ≥ 1","ORE_VALUE_MULT","dirt","MULTIPLY","2","1","","矿物价值升级","dirt","1","本轮核心","false"
"prod_dirt_02","泥土·标准流程","[color=#67E9F8][b]泥土[/b][/color][color=#67E9F8][b]结算价值[/b][/color] [color=#86EFAC][b]×2[/b][/color]；购买后该矿价值累计倍率为 [color=#86EFAC][b]×4[/b][/color]。","金币","250","250","2.5","2","1","-2","prod_dirt_01","","dirt_mined ≥ 5","ORE_VALUE_MULT","dirt","MULTIPLY","2","1","","矿物价值升级","dirt","2","本轮核心","false"
"prod_dirt_03","泥土·机械化","[color=#67E9F8][b]泥土[/b][/color][color=#67E9F8][b]结算价值[/b][/color] [color=#86EFAC][b]×2[/b][/color]；购买后该矿价值累计倍率为 [color=#86EFAC][b]×8[/b][/color]。","金币","2500","2.5K","2.5","3","1","-3","prod_dirt_02","","dirt_mined ≥ 25","ORE_VALUE_MULT","dirt","MULTIPLY","2","1","","矿物价值升级","dirt","3","本轮核心","false"
"prod_dirt_04","泥土·精密钻探","[color=#67E9F8][b]泥土[/b][/color][color=#67E9F8][b]结算价值[/b][/color] [color=#86EFAC][b]×2[/b][/color]；购买后该矿价值累计倍率为 [color=#86EFAC][b]×16[/b][/color]。","金币","250000","2.5K","2.5","5","1","-4","prod_dirt_03","","dirt_mined ≥ 50","ORE_VALUE_MULT","dirt","MULTIPLY","2","1","","矿物价值升级","dirt","4","本轮核心","false"
"prod_dirt_05","泥土·工业扩建","[color=#67E9F8][b]泥土[/b][/color][color=#67E9F8][b]结算价值[/b][/color] [color=#86EFAC][b]×2[/b][/color]；购买后该矿价值累计倍率为 [color=#86EFAC][b]×32[/b][/color]。","金币","25000000","2.5M","2.5","7","1","-5","prod_dirt_04","meta_deep_mining","dirt_mined ≥ 100","ORE_VALUE_MULT","dirt","MULTIPLY","2","1","","矿物价值升级","dirt","5","升华扩展 I","false"
"prod_dirt_06","泥土·自动调度","[color=#67E9F8][b]泥土[/b][/color][color=#67E9F8][b]结算价值[/b][/color] [color=#86EFAC][b]×2[/b][/color]；购买后该矿价值累计倍率为 [color=#86EFAC][b]×64[/b][/color]。","金币","2500000000","2.5B","2.5","9","1","-6","prod_dirt_05","meta_deep_mining","dirt_mined ≥ 200","ORE_VALUE_MULT","dirt","MULTIPLY","2","1","","矿物价值升级","dirt","6","升华扩展 I","false"
"prod_dirt_07","泥土·深层网络","[color=#67E9F8][b]泥土[/b][/color][color=#67E9F8][b]结算价值[/b][/color] [color=#86EFAC][b]×2[/b][/color]；购买后该矿价值累计倍率为 [color=#86EFAC][b]×128[/b][/color]。","金币","2500000000000","2.5T","2.5","12","1","-7","prod_dirt_06","meta_abyssal_mining","dirt_mined ≥ 400","ORE_VALUE_MULT","dirt","MULTIPLY","2","1","","矿物价值升级","dirt","7","大数阶段","false"
"prod_dirt_08","泥土·量子提炼","[color=#67E9F8][b]泥土[/b][/color][color=#67E9F8][b]结算价值[/b][/color] [color=#86EFAC][b]×2[/b][/color]；购买后该矿价值累计倍率为 [color=#86EFAC][b]×256[/b][/color]。","金币","2500000000000000","2.5Qa","2.5","15","1","-8","prod_dirt_07","meta_abyssal_mining","dirt_mined ≥ 800","ORE_VALUE_MULT","dirt","MULTIPLY","2","1","","矿物价值升级","dirt","8","大数阶段","false"
"prod_dirt_09","泥土·星核工艺","[color=#67E9F8][b]泥土[/b][/color][color=#67E9F8][b]结算价值[/b][/color] [color=#86EFAC][b]×2[/b][/color]；购买后该矿价值累计倍率为 [color=#86EFAC][b]×512[/b][/color]。","金币","2500000000000000000","2.5Qi","2.5","18","1","-9","prod_dirt_08","meta_endless_mining","dirt_mined ≥ 1600","ORE_VALUE_MULT","dirt","MULTIPLY","2","1","","矿物价值升级","dirt","9","终局阶段","false"
"prod_dirt_10","泥土·维度开采","[color=#67E9F8][b]泥土[/b][/color][color=#67E9F8][b]结算价值[/b][/color] [color=#86EFAC][b]×2[/b][/color]；购买后该矿价值累计倍率为 [color=#86EFAC][b]×1,024[/b][/color]。","金币","2500000000000000000000","2.5e+21","2.5","21","1","-10","prod_dirt_09","meta_endless_mining","dirt_mined ≥ 3200","ORE_VALUE_MULT","dirt","MULTIPLY","2","1","","矿物价值升级","dirt","10","终局阶段","true"
"unlock_coal","解锁·煤矿","[color=#67E9F8][b]煤矿[/b][/color][color=#67E9F8][b]解锁[/b][/color]：允许实体 coal 进入[color=#67E9F8][b]自然落矿池[/b][/color]（[color=#86EFAC][b]Lv1~3[/b][/color]同时允许）。","金币","50","50","5","1","2","0","","","dirt_mined ≥ 50","UNLOCK_ORE","coal","UNLOCK","1","1","","矿物解锁","coal","Unlock","本轮核心","false"
"prod_coal_01","煤矿·基础工具","[color=#67E9F8][b]煤矿[/b][/color][color=#67E9F8][b]结算价值[/b][/color] [color=#86EFAC][b]×2[/b][/color]；购买后该矿价值累计倍率为 [color=#86EFAC][b]×2[/b][/color]。","金币","250","250","2.5","2","2","-1","unlock_coal","","coal_mined ≥ 1","ORE_VALUE_MULT","coal","MULTIPLY","2","1","","矿物价值升级","coal","1","本轮核心","false"
"prod_coal_02","煤矿·标准流程","[color=#67E9F8][b]煤矿[/b][/color][color=#67E9F8][b]结算价值[/b][/color] [color=#86EFAC][b]×2[/b][/color]；购买后该矿价值累计倍率为 [color=#86EFAC][b]×4[/b][/color]。","金币","1250","1.25K","1.25","3","2","-2","prod_coal_01","","coal_mined ≥ 5","ORE_VALUE_MULT","coal","MULTIPLY","2","1","","矿物价值升级","coal","2","本轮核心","false"
"prod_coal_03","煤矿·机械化","[color=#67E9F8][b]煤矿[/b][/color][color=#67E9F8][b]结算价值[/b][/color] [color=#86EFAC][b]×2[/b][/color]；购买后该矿价值累计倍率为 [color=#86EFAC][b]×8[/b][/color]。","金币","12500","1.25K","1.25","4","2","-3","prod_coal_02","","coal_mined ≥ 25","ORE_VALUE_MULT","coal","MULTIPLY","2","1","","矿物价值升级","coal","3","本轮核心","false"
"prod_coal_04","煤矿·精密钻探","[color=#67E9F8][b]煤矿[/b][/color][color=#67E9F8][b]结算价值[/b][/color] [color=#86EFAC][b]×2[/b][/color]；购买后该矿价值累计倍率为 [color=#86EFAC][b]×16[/b][/color]。","金币","1250000","1.25M","1.25","6","2","-4","prod_coal_03","","coal_mined ≥ 50","ORE_VALUE_MULT","coal","MULTIPLY","2","1","","矿物价值升级","coal","4","本轮核心","false"
"prod_coal_05","煤矿·工业扩建","[color=#67E9F8][b]煤矿[/b][/color][color=#67E9F8][b]结算价值[/b][/color] [color=#86EFAC][b]×2[/b][/color]；购买后该矿价值累计倍率为 [color=#86EFAC][b]×32[/b][/color]。","金币","125000000","1.25M","1.25","8","2","-5","prod_coal_04","meta_deep_mining","coal_mined ≥ 100","ORE_VALUE_MULT","coal","MULTIPLY","2","1","","矿物价值升级","coal","5","升华扩展 I","false"
"prod_coal_06","煤矿·自动调度","[color=#67E9F8][b]煤矿[/b][/color][color=#67E9F8][b]结算价值[/b][/color] [color=#86EFAC][b]×2[/b][/color]；购买后该矿价值累计倍率为 [color=#86EFAC][b]×64[/b][/color]。","金币","12500000000","1.25B","1.25","10","2","-6","prod_coal_05","meta_deep_mining","coal_mined ≥ 200","ORE_VALUE_MULT","coal","MULTIPLY","2","1","","矿物价值升级","coal","6","升华扩展 I","false"
"prod_coal_07","煤矿·深层网络","[color=#67E9F8][b]煤矿[/b][/color][color=#67E9F8][b]结算价值[/b][/color] [color=#86EFAC][b]×2[/b][/color]；购买后该矿价值累计倍率为 [color=#86EFAC][b]×128[/b][/color]。","金币","12500000000000","1.25T","1.25","13","2","-7","prod_coal_06","meta_abyssal_mining","coal_mined ≥ 400","ORE_VALUE_MULT","coal","MULTIPLY","2","1","","矿物价值升级","coal","7","大数阶段","false"
"prod_coal_08","煤矿·量子提炼","[color=#67E9F8][b]煤矿[/b][/color][color=#67E9F8][b]结算价值[/b][/color] [color=#86EFAC][b]×2[/b][/color]；购买后该矿价值累计倍率为 [color=#86EFAC][b]×256[/b][/color]。","金币","12500000000000000","1.25Qa","1.25","16","2","-8","prod_coal_07","meta_abyssal_mining","coal_mined ≥ 800","ORE_VALUE_MULT","coal","MULTIPLY","2","1","","矿物价值升级","coal","8","大数阶段","false"
"prod_coal_09","煤矿·星核工艺","[color=#67E9F8][b]煤矿[/b][/color][color=#67E9F8][b]结算价值[/b][/color] [color=#86EFAC][b]×2[/b][/color]；购买后该矿价值累计倍率为 [color=#86EFAC][b]×512[/b][/color]。","金币","12500000000000000000","1.25Qi","1.25","19","2","-9","prod_coal_08","meta_endless_mining","coal_mined ≥ 1600","ORE_VALUE_MULT","coal","MULTIPLY","2","1","","矿物价值升级","coal","9","终局阶段","true"
"prod_coal_10","煤矿·维度开采","[color=#67E9F8][b]煤矿[/b][/color][color=#67E9F8][b]结算价值[/b][/color] [color=#86EFAC][b]×2[/b][/color]；购买后该矿价值累计倍率为 [color=#86EFAC][b]×1,024[/b][/color]。","金币","12500000000000000000000","1.25e+22","1.25","22","2","-10","prod_coal_09","meta_endless_mining","coal_mined ≥ 3200","ORE_VALUE_MULT","coal","MULTIPLY","2","1","","矿物价值升级","coal","10","终局阶段","true"
"unlock_iron","解锁·铁矿","[color=#67E9F8][b]铁矿[/b][/color][color=#67E9F8][b]解锁[/b][/color]：允许实体 iron 进入[color=#67E9F8][b]自然落矿池[/b][/color]（[color=#86EFAC][b]Lv1~3[/b][/color]同时允许）。","金币","250","250","2.5","2","3","0","unlock_coal","","coal_mined ≥ 50","UNLOCK_ORE","iron","UNLOCK","1","1","","矿物解锁","iron","Unlock","本轮核心","false"
"prod_iron_01","铁矿·基础工具","[color=#67E9F8][b]铁矿[/b][/color][color=#67E9F8][b]结算价值[/b][/color] [color=#86EFAC][b]×2[/b][/color]；购买后该矿价值累计倍率为 [color=#86EFAC][b]×2[/b][/color]。","金币","5000","5K","5","3","3","-1","unlock_iron","","iron_mined ≥ 1","ORE_VALUE_MULT","iron","MULTIPLY","2","1","","矿物价值升级","iron","1","本轮核心","false"
"prod_iron_02","铁矿·标准流程","[color=#67E9F8][b]铁矿[/b][/color][color=#67E9F8][b]结算价值[/b][/color] [color=#86EFAC][b]×2[/b][/color]；购买后该矿价值累计倍率为 [color=#86EFAC][b]×4[/b][/color]。","金币","25000","2.5K","2.5","4","3","-2","prod_iron_01","","iron_mined ≥ 5","ORE_VALUE_MULT","iron","MULTIPLY","2","1","","矿物价值升级","iron","2","本轮核心","false"
"prod_iron_03","铁矿·机械化","[color=#67E9F8][b]铁矿[/b][/color][color=#67E9F8][b]结算价值[/b][/color] [color=#86EFAC][b]×2[/b][/color]；购买后该矿价值累计倍率为 [color=#86EFAC][b]×8[/b][/color]。","金币","250000","2.5K","2.5","5","3","-3","prod_iron_02","","iron_mined ≥ 25","ORE_VALUE_MULT","iron","MULTIPLY","2","1","","矿物价值升级","iron","3","本轮核心","false"
"prod_iron_04","铁矿·精密钻探","[color=#67E9F8][b]铁矿[/b][/color][color=#67E9F8][b]结算价值[/b][/color] [color=#86EFAC][b]×2[/b][/color]；购买后该矿价值累计倍率为 [color=#86EFAC][b]×16[/b][/color]。","金币","25000000","2.5M","2.5","7","3","-4","prod_iron_03","","iron_mined ≥ 50","ORE_VALUE_MULT","iron","MULTIPLY","2","1","","矿物价值升级","iron","4","本轮核心","false"
"prod_iron_05","铁矿·工业扩建","[color=#67E9F8][b]铁矿[/b][/color][color=#67E9F8][b]结算价值[/b][/color] [color=#86EFAC][b]×2[/b][/color]；购买后该矿价值累计倍率为 [color=#86EFAC][b]×32[/b][/color]。","金币","2500000000","2.5B","2.5","9","3","-5","prod_iron_04","meta_deep_mining","iron_mined ≥ 100","ORE_VALUE_MULT","iron","MULTIPLY","2","1","","矿物价值升级","iron","5","升华扩展 I","false"
"prod_iron_06","铁矿·自动调度","[color=#67E9F8][b]铁矿[/b][/color][color=#67E9F8][b]结算价值[/b][/color] [color=#86EFAC][b]×2[/b][/color]；购买后该矿价值累计倍率为 [color=#86EFAC][b]×64[/b][/color]。","金币","250000000000","2.5B","2.5","11","3","-6","prod_iron_05","meta_deep_mining","iron_mined ≥ 200","ORE_VALUE_MULT","iron","MULTIPLY","2","1","","矿物价值升级","iron","6","升华扩展 I","false"
"prod_iron_07","铁矿·深层网络","[color=#67E9F8][b]铁矿[/b][/color][color=#67E9F8][b]结算价值[/b][/color] [color=#86EFAC][b]×2[/b][/color]；购买后该矿价值累计倍率为 [color=#86EFAC][b]×128[/b][/color]。","金币","250000000000000","2.5T","2.5","14","3","-7","prod_iron_06","meta_abyssal_mining","iron_mined ≥ 400","ORE_VALUE_MULT","iron","MULTIPLY","2","1","","矿物价值升级","iron","7","大数阶段","false"
"prod_iron_08","铁矿·量子提炼","[color=#67E9F8][b]铁矿[/b][/color][color=#67E9F8][b]结算价值[/b][/color] [color=#86EFAC][b]×2[/b][/color]；购买后该矿价值累计倍率为 [color=#86EFAC][b]×256[/b][/color]。","金币","250000000000000000","2.5Qa","2.5","17","3","-8","prod_iron_07","meta_abyssal_mining","iron_mined ≥ 800","ORE_VALUE_MULT","iron","MULTIPLY","2","1","","矿物价值升级","iron","8","大数阶段","false"
"prod_iron_09","铁矿·星核工艺","[color=#67E9F8][b]铁矿[/b][/color][color=#67E9F8][b]结算价值[/b][/color] [color=#86EFAC][b]×2[/b][/color]；购买后该矿价值累计倍率为 [color=#86EFAC][b]×512[/b][/color]。","金币","250000000000000000000","2.5Qi","2.5","20","3","-9","prod_iron_08","meta_endless_mining","iron_mined ≥ 1600","ORE_VALUE_MULT","iron","MULTIPLY","2","1","","矿物价值升级","iron","9","终局阶段","true"
"prod_iron_10","铁矿·维度开采","[color=#67E9F8][b]铁矿[/b][/color][color=#67E9F8][b]结算价值[/b][/color] [color=#86EFAC][b]×2[/b][/color]；购买后该矿价值累计倍率为 [color=#86EFAC][b]×1,024[/b][/color]。","金币","250000000000000000000000","2.5e+23","2.5","23","3","-10","prod_iron_09","meta_endless_mining","iron_mined ≥ 3200","ORE_VALUE_MULT","iron","MULTIPLY","2","1","","矿物价值升级","iron","10","终局阶段","true"
"unlock_zinc","解锁·锌矿","[color=#67E9F8][b]锌矿[/b][/color][color=#67E9F8][b]解锁[/b][/color]：允许实体 zinc 进入[color=#67E9F8][b]自然落矿池[/b][/color]（[color=#86EFAC][b]Lv1~3[/b][/color]同时允许）。","金币","2500","2.5K","2.5","3","4","0","unlock_iron","","iron_mined ≥ 50","UNLOCK_ORE","zinc","UNLOCK","1","1","","矿物解锁","zinc","Unlock","本轮核心","false"
"prod_zinc_01","锌矿·基础工具","[color=#67E9F8][b]锌矿[/b][/color][color=#67E9F8][b]结算价值[/b][/color] [color=#86EFAC][b]×2[/b][/color]；购买后该矿价值累计倍率为 [color=#86EFAC][b]×2[/b][/color]。","金币","50000","5K","5","4","4","-1","unlock_zinc","","zinc_mined ≥ 1","ORE_VALUE_MULT","zinc","MULTIPLY","2","1","","矿物价值升级","zinc","1","本轮核心","false"
"prod_zinc_02","锌矿·标准流程","[color=#67E9F8][b]锌矿[/b][/color][color=#67E9F8][b]结算价值[/b][/color] [color=#86EFAC][b]×2[/b][/color]；购买后该矿价值累计倍率为 [color=#86EFAC][b]×4[/b][/color]。","金币","250000","2.5K","2.5","5","4","-2","prod_zinc_01","","zinc_mined ≥ 5","ORE_VALUE_MULT","zinc","MULTIPLY","2","1","","矿物价值升级","zinc","2","本轮核心","false"
"prod_zinc_03","锌矿·机械化","[color=#67E9F8][b]锌矿[/b][/color][color=#67E9F8][b]结算价值[/b][/color] [color=#86EFAC][b]×2[/b][/color]；购买后该矿价值累计倍率为 [color=#86EFAC][b]×8[/b][/color]。","金币","2500000","2.5M","2.5","6","4","-3","prod_zinc_02","","zinc_mined ≥ 25","ORE_VALUE_MULT","zinc","MULTIPLY","2","1","","矿物价值升级","zinc","3","本轮核心","false"
"prod_zinc_04","锌矿·精密钻探","[color=#67E9F8][b]锌矿[/b][/color][color=#67E9F8][b]结算价值[/b][/color] [color=#86EFAC][b]×2[/b][/color]；购买后该矿价值累计倍率为 [color=#86EFAC][b]×16[/b][/color]。","金币","250000000","2.5M","2.5","8","4","-4","prod_zinc_03","","zinc_mined ≥ 50","ORE_VALUE_MULT","zinc","MULTIPLY","2","1","","矿物价值升级","zinc","4","本轮核心","false"
"prod_zinc_05","锌矿·工业扩建","[color=#67E9F8][b]锌矿[/b][/color][color=#67E9F8][b]结算价值[/b][/color] [color=#86EFAC][b]×2[/b][/color]；购买后该矿价值累计倍率为 [color=#86EFAC][b]×32[/b][/color]。","金币","25000000000","2.5B","2.5","10","4","-5","prod_zinc_04","meta_deep_mining","zinc_mined ≥ 100","ORE_VALUE_MULT","zinc","MULTIPLY","2","1","","矿物价值升级","zinc","5","升华扩展 I","false"
"prod_zinc_06","锌矿·自动调度","[color=#67E9F8][b]锌矿[/b][/color][color=#67E9F8][b]结算价值[/b][/color] [color=#86EFAC][b]×2[/b][/color]；购买后该矿价值累计倍率为 [color=#86EFAC][b]×64[/b][/color]。","金币","2500000000000","2.5T","2.5","12","4","-6","prod_zinc_05","meta_deep_mining","zinc_mined ≥ 200","ORE_VALUE_MULT","zinc","MULTIPLY","2","1","","矿物价值升级","zinc","6","升华扩展 I","false"
"prod_zinc_07","锌矿·深层网络","[color=#67E9F8][b]锌矿[/b][/color][color=#67E9F8][b]结算价值[/b][/color] [color=#86EFAC][b]×2[/b][/color]；购买后该矿价值累计倍率为 [color=#86EFAC][b]×128[/b][/color]。","金币","2500000000000000","2.5Qa","2.5","15","4","-7","prod_zinc_06","meta_abyssal_mining","zinc_mined ≥ 400","ORE_VALUE_MULT","zinc","MULTIPLY","2","1","","矿物价值升级","zinc","7","大数阶段","false"
"prod_zinc_08","锌矿·量子提炼","[color=#67E9F8][b]锌矿[/b][/color][color=#67E9F8][b]结算价值[/b][/color] [color=#86EFAC][b]×2[/b][/color]；购买后该矿价值累计倍率为 [color=#86EFAC][b]×256[/b][/color]。","金币","2500000000000000000","2.5Qi","2.5","18","4","-8","prod_zinc_07","meta_abyssal_mining","zinc_mined ≥ 800","ORE_VALUE_MULT","zinc","MULTIPLY","2","1","","矿物价值升级","zinc","8","大数阶段","false"
"prod_zinc_09","锌矿·星核工艺","[color=#67E9F8][b]锌矿[/b][/color][color=#67E9F8][b]结算价值[/b][/color] [color=#86EFAC][b]×2[/b][/color]；购买后该矿价值累计倍率为 [color=#86EFAC][b]×512[/b][/color]。","金币","2500000000000000000000","2.5e+21","2.5","21","4","-9","prod_zinc_08","meta_endless_mining","zinc_mined ≥ 1600","ORE_VALUE_MULT","zinc","MULTIPLY","2","1","","矿物价值升级","zinc","9","终局阶段","true"
"prod_zinc_10","锌矿·维度开采","[color=#67E9F8][b]锌矿[/b][/color][color=#67E9F8][b]结算价值[/b][/color] [color=#86EFAC][b]×2[/b][/color]；购买后该矿价值累计倍率为 [color=#86EFAC][b]×1,024[/b][/color]。","金币","2500000000000000000000000","2.5e+24","2.5","24","4","-10","prod_zinc_09","meta_endless_mining","zinc_mined ≥ 3200","ORE_VALUE_MULT","zinc","MULTIPLY","2","1","","矿物价值升级","zinc","10","终局阶段","true"
"unlock_gold","解锁·金矿","[color=#FACC15][b]金矿[/b][/color][color=#67E9F8][b]解锁[/b][/color]：允许实体 gold 进入[color=#67E9F8][b]自然落矿池[/b][/color]（[color=#86EFAC][b]Lv1~3[/b][/color]同时允许）。","金币","25000","2.5K","2.5","4","5","0","unlock_zinc","","zinc_mined ≥ 50","UNLOCK_ORE","gold","UNLOCK","1","1","","矿物解锁","gold","Unlock","本轮核心","false"
"prod_gold_01","金矿·基础工具","[color=#FACC15][b]金矿[/b][/color][color=#67E9F8][b]结算价值[/b][/color] [color=#86EFAC][b]×2[/b][/color]；购买后该矿价值累计倍率为 [color=#86EFAC][b]×2[/b][/color]。","金币","500000","5K","5","5","5","-1","unlock_gold","","gold_mined ≥ 1","ORE_VALUE_MULT","gold","MULTIPLY","2","1","","矿物价值升级","gold","1","本轮核心","false"
"prod_gold_02","金矿·标准流程","[color=#FACC15][b]金矿[/b][/color][color=#67E9F8][b]结算价值[/b][/color] [color=#86EFAC][b]×2[/b][/color]；购买后该矿价值累计倍率为 [color=#86EFAC][b]×4[/b][/color]。","金币","2500000","2.5M","2.5","6","5","-2","prod_gold_01","","gold_mined ≥ 5","ORE_VALUE_MULT","gold","MULTIPLY","2","1","","矿物价值升级","gold","2","本轮核心","false"
"prod_gold_03","金矿·机械化","[color=#FACC15][b]金矿[/b][/color][color=#67E9F8][b]结算价值[/b][/color] [color=#86EFAC][b]×2[/b][/color]；购买后该矿价值累计倍率为 [color=#86EFAC][b]×8[/b][/color]。","金币","25000000","2.5M","2.5","7","5","-3","prod_gold_02","","gold_mined ≥ 25","ORE_VALUE_MULT","gold","MULTIPLY","2","1","","矿物价值升级","gold","3","本轮核心","false"
"prod_gold_04","金矿·精密钻探","[color=#FACC15][b]金矿[/b][/color][color=#67E9F8][b]结算价值[/b][/color] [color=#86EFAC][b]×2[/b][/color]；购买后该矿价值累计倍率为 [color=#86EFAC][b]×16[/b][/color]。","金币","2500000000","2.5B","2.5","9","5","-4","prod_gold_03","","gold_mined ≥ 50","ORE_VALUE_MULT","gold","MULTIPLY","2","1","","矿物价值升级","gold","4","本轮核心","false"
"prod_gold_05","金矿·工业扩建","[color=#FACC15][b]金矿[/b][/color][color=#67E9F8][b]结算价值[/b][/color] [color=#86EFAC][b]×2[/b][/color]；购买后该矿价值累计倍率为 [color=#86EFAC][b]×32[/b][/color]。","金币","250000000000","2.5B","2.5","11","5","-5","prod_gold_04","meta_deep_mining","gold_mined ≥ 100","ORE_VALUE_MULT","gold","MULTIPLY","2","1","","矿物价值升级","gold","5","升华扩展 I","false"
"prod_gold_06","金矿·自动调度","[color=#FACC15][b]金矿[/b][/color][color=#67E9F8][b]结算价值[/b][/color] [color=#86EFAC][b]×2[/b][/color]；购买后该矿价值累计倍率为 [color=#86EFAC][b]×64[/b][/color]。","金币","25000000000000","2.5T","2.5","13","5","-6","prod_gold_05","meta_deep_mining","gold_mined ≥ 200","ORE_VALUE_MULT","gold","MULTIPLY","2","1","","矿物价值升级","gold","6","升华扩展 I","false"
"prod_gold_07","金矿·深层网络","[color=#FACC15][b]金矿[/b][/color][color=#67E9F8][b]结算价值[/b][/color] [color=#86EFAC][b]×2[/b][/color]；购买后该矿价值累计倍率为 [color=#86EFAC][b]×128[/b][/color]。","金币","25000000000000000","2.5Qa","2.5","16","5","-7","prod_gold_06","meta_abyssal_mining","gold_mined ≥ 400","ORE_VALUE_MULT","gold","MULTIPLY","2","1","","矿物价值升级","gold","7","大数阶段","false"
"prod_gold_08","金矿·量子提炼","[color=#FACC15][b]金矿[/b][/color][color=#67E9F8][b]结算价值[/b][/color] [color=#86EFAC][b]×2[/b][/color]；购买后该矿价值累计倍率为 [color=#86EFAC][b]×256[/b][/color]。","金币","25000000000000000000","2.5Qi","2.5","19","5","-8","prod_gold_07","meta_abyssal_mining","gold_mined ≥ 800","ORE_VALUE_MULT","gold","MULTIPLY","2","1","","矿物价值升级","gold","8","大数阶段","true"
"prod_gold_09","金矿·星核工艺","[color=#FACC15][b]金矿[/b][/color][color=#67E9F8][b]结算价值[/b][/color] [color=#86EFAC][b]×2[/b][/color]；购买后该矿价值累计倍率为 [color=#86EFAC][b]×512[/b][/color]。","金币","25000000000000000000000","2.5e+22","2.5","22","5","-9","prod_gold_08","meta_endless_mining","gold_mined ≥ 1600","ORE_VALUE_MULT","gold","MULTIPLY","2","1","","矿物价值升级","gold","9","终局阶段","true"
"prod_gold_10","金矿·维度开采","[color=#FACC15][b]金矿[/b][/color][color=#67E9F8][b]结算价值[/b][/color] [color=#86EFAC][b]×2[/b][/color]；购买后该矿价值累计倍率为 [color=#86EFAC][b]×1,024[/b][/color]。","金币","25000000000000000000000000","2.5e+25","2.5","25","5","-10","prod_gold_09","meta_endless_mining","gold_mined ≥ 3200","ORE_VALUE_MULT","gold","MULTIPLY","2","1","","矿物价值升级","gold","10","终局阶段","true"
"unlock_crystal","解锁·水晶矿","[color=#67E9F8][b]水晶矿[/b][/color][color=#67E9F8][b]解锁[/b][/color]：允许实体 crystal 进入[color=#67E9F8][b]自然落矿池[/b][/color]（[color=#86EFAC][b]Lv1~3[/b][/color]同时允许）。","金币","250000","2.5K","2.5","5","6","0","unlock_gold","","gold_mined ≥ 50","UNLOCK_ORE","crystal","UNLOCK","1","1","","矿物解锁","crystal","Unlock","本轮核心","false"
"prod_crystal_01","水晶矿·基础工具","[color=#67E9F8][b]水晶矿[/b][/color][color=#67E9F8][b]结算价值[/b][/color] [color=#86EFAC][b]×2[/b][/color]；购买后该矿价值累计倍率为 [color=#86EFAC][b]×2[/b][/color]。","金币","5000000","5M","5","6","6","-1","unlock_crystal","","crystal_mined ≥ 1","ORE_VALUE_MULT","crystal","MULTIPLY","2","1","","矿物价值升级","crystal","1","本轮核心","false"
"prod_crystal_02","水晶矿·标准流程","[color=#67E9F8][b]水晶矿[/b][/color][color=#67E9F8][b]结算价值[/b][/color] [color=#86EFAC][b]×2[/b][/color]；购买后该矿价值累计倍率为 [color=#86EFAC][b]×4[/b][/color]。","金币","25000000","2.5M","2.5","7","6","-2","prod_crystal_01","","crystal_mined ≥ 5","ORE_VALUE_MULT","crystal","MULTIPLY","2","1","","矿物价值升级","crystal","2","本轮核心","false"
"prod_crystal_03","水晶矿·机械化","[color=#67E9F8][b]水晶矿[/b][/color][color=#67E9F8][b]结算价值[/b][/color] [color=#86EFAC][b]×2[/b][/color]；购买后该矿价值累计倍率为 [color=#86EFAC][b]×8[/b][/color]。","金币","250000000","2.5M","2.5","8","6","-3","prod_crystal_02","","crystal_mined ≥ 25","ORE_VALUE_MULT","crystal","MULTIPLY","2","1","","矿物价值升级","crystal","3","本轮核心","false"
"prod_crystal_04","水晶矿·精密钻探","[color=#67E9F8][b]水晶矿[/b][/color][color=#67E9F8][b]结算价值[/b][/color] [color=#86EFAC][b]×2[/b][/color]；购买后该矿价值累计倍率为 [color=#86EFAC][b]×16[/b][/color]。","金币","25000000000","2.5B","2.5","10","6","-4","prod_crystal_03","","crystal_mined ≥ 50","ORE_VALUE_MULT","crystal","MULTIPLY","2","1","","矿物价值升级","crystal","4","本轮核心","false"
"prod_crystal_05","水晶矿·工业扩建","[color=#67E9F8][b]水晶矿[/b][/color][color=#67E9F8][b]结算价值[/b][/color] [color=#86EFAC][b]×2[/b][/color]；购买后该矿价值累计倍率为 [color=#86EFAC][b]×32[/b][/color]。","金币","2500000000000","2.5T","2.5","12","6","-5","prod_crystal_04","meta_deep_mining","crystal_mined ≥ 100","ORE_VALUE_MULT","crystal","MULTIPLY","2","1","","矿物价值升级","crystal","5","升华扩展 I","false"
"prod_crystal_06","水晶矿·自动调度","[color=#67E9F8][b]水晶矿[/b][/color][color=#67E9F8][b]结算价值[/b][/color] [color=#86EFAC][b]×2[/b][/color]；购买后该矿价值累计倍率为 [color=#86EFAC][b]×64[/b][/color]。","金币","250000000000000","2.5T","2.5","14","6","-6","prod_crystal_05","meta_deep_mining","crystal_mined ≥ 200","ORE_VALUE_MULT","crystal","MULTIPLY","2","1","","矿物价值升级","crystal","6","升华扩展 I","false"
"prod_crystal_07","水晶矿·深层网络","[color=#67E9F8][b]水晶矿[/b][/color][color=#67E9F8][b]结算价值[/b][/color] [color=#86EFAC][b]×2[/b][/color]；购买后该矿价值累计倍率为 [color=#86EFAC][b]×128[/b][/color]。","金币","250000000000000000","2.5Qa","2.5","17","6","-7","prod_crystal_06","meta_abyssal_mining","crystal_mined ≥ 400","ORE_VALUE_MULT","crystal","MULTIPLY","2","1","","矿物价值升级","crystal","7","大数阶段","false"
"prod_crystal_08","水晶矿·量子提炼","[color=#67E9F8][b]水晶矿[/b][/color][color=#67E9F8][b]结算价值[/b][/color] [color=#86EFAC][b]×2[/b][/color]；购买后该矿价值累计倍率为 [color=#86EFAC][b]×256[/b][/color]。","金币","250000000000000000000","2.5Qi","2.5","20","6","-8","prod_crystal_07","meta_abyssal_mining","crystal_mined ≥ 800","ORE_VALUE_MULT","crystal","MULTIPLY","2","1","","矿物价值升级","crystal","8","大数阶段","true"
"prod_crystal_09","水晶矿·星核工艺","[color=#67E9F8][b]水晶矿[/b][/color][color=#67E9F8][b]结算价值[/b][/color] [color=#86EFAC][b]×2[/b][/color]；购买后该矿价值累计倍率为 [color=#86EFAC][b]×512[/b][/color]。","金币","250000000000000000000000","2.5e+23","2.5","23","6","-9","prod_crystal_08","meta_endless_mining","crystal_mined ≥ 1600","ORE_VALUE_MULT","crystal","MULTIPLY","2","1","","矿物价值升级","crystal","9","终局阶段","true"
"prod_crystal_10","水晶矿·维度开采","[color=#67E9F8][b]水晶矿[/b][/color][color=#67E9F8][b]结算价值[/b][/color] [color=#86EFAC][b]×2[/b][/color]；购买后该矿价值累计倍率为 [color=#86EFAC][b]×1,024[/b][/color]。","金币","250000000000000000000000000","2.5e+26","2.5","26","6","-10","prod_crystal_09","meta_endless_mining","crystal_mined ≥ 3200","ORE_VALUE_MULT","crystal","MULTIPLY","2","1","","矿物价值升级","crystal","10","终局阶段","true"
"unlock_obsidian","解锁·黑曜石","[color=#67E9F8][b]黑曜石[/b][/color][color=#67E9F8][b]解锁[/b][/color]：允许实体 obsidian 进入[color=#67E9F8][b]自然落矿池[/b][/color]（[color=#86EFAC][b]Lv1~3[/b][/color]同时允许）。","金币","2500000","2.5M","2.5","6","7","0","unlock_crystal","","crystal_mined ≥ 50","UNLOCK_ORE","obsidian","UNLOCK","1","1","","矿物解锁","obsidian","Unlock","本轮核心","false"
"prod_obsidian_01","黑曜石·基础工具","[color=#67E9F8][b]黑曜石[/b][/color][color=#67E9F8][b]结算价值[/b][/color] [color=#86EFAC][b]×2[/b][/color]；购买后该矿价值累计倍率为 [color=#86EFAC][b]×2[/b][/color]。","金币","50000000","5M","5","7","7","-1","unlock_obsidian","","obsidian_mined ≥ 1","ORE_VALUE_MULT","obsidian","MULTIPLY","2","1","","矿物价值升级","obsidian","1","本轮核心","false"
"prod_obsidian_02","黑曜石·标准流程","[color=#67E9F8][b]黑曜石[/b][/color][color=#67E9F8][b]结算价值[/b][/color] [color=#86EFAC][b]×2[/b][/color]；购买后该矿价值累计倍率为 [color=#86EFAC][b]×4[/b][/color]。","金币","250000000","2.5M","2.5","8","7","-2","prod_obsidian_01","","obsidian_mined ≥ 5","ORE_VALUE_MULT","obsidian","MULTIPLY","2","1","","矿物价值升级","obsidian","2","本轮核心","false"
"prod_obsidian_03","黑曜石·机械化","[color=#67E9F8][b]黑曜石[/b][/color][color=#67E9F8][b]结算价值[/b][/color] [color=#86EFAC][b]×2[/b][/color]；购买后该矿价值累计倍率为 [color=#86EFAC][b]×8[/b][/color]。","金币","2500000000","2.5B","2.5","9","7","-3","prod_obsidian_02","","obsidian_mined ≥ 25","ORE_VALUE_MULT","obsidian","MULTIPLY","2","1","","矿物价值升级","obsidian","3","本轮核心","false"
"prod_obsidian_04","黑曜石·精密钻探","[color=#67E9F8][b]黑曜石[/b][/color][color=#67E9F8][b]结算价值[/b][/color] [color=#86EFAC][b]×2[/b][/color]；购买后该矿价值累计倍率为 [color=#86EFAC][b]×16[/b][/color]。","金币","250000000000","2.5B","2.5","11","7","-4","prod_obsidian_03","","obsidian_mined ≥ 50","ORE_VALUE_MULT","obsidian","MULTIPLY","2","1","","矿物价值升级","obsidian","4","本轮核心","false"
"prod_obsidian_05","黑曜石·工业扩建","[color=#67E9F8][b]黑曜石[/b][/color][color=#67E9F8][b]结算价值[/b][/color] [color=#86EFAC][b]×2[/b][/color]；购买后该矿价值累计倍率为 [color=#86EFAC][b]×32[/b][/color]。","金币","25000000000000","2.5T","2.5","13","7","-5","prod_obsidian_04","meta_deep_mining","obsidian_mined ≥ 100","ORE_VALUE_MULT","obsidian","MULTIPLY","2","1","","矿物价值升级","obsidian","5","升华扩展 I","false"
"prod_obsidian_06","黑曜石·自动调度","[color=#67E9F8][b]黑曜石[/b][/color][color=#67E9F8][b]结算价值[/b][/color] [color=#86EFAC][b]×2[/b][/color]；购买后该矿价值累计倍率为 [color=#86EFAC][b]×64[/b][/color]。","金币","2500000000000000","2.5Qa","2.5","15","7","-6","prod_obsidian_05","meta_deep_mining","obsidian_mined ≥ 200","ORE_VALUE_MULT","obsidian","MULTIPLY","2","1","","矿物价值升级","obsidian","6","升华扩展 I","false"
"prod_obsidian_07","黑曜石·深层网络","[color=#67E9F8][b]黑曜石[/b][/color][color=#67E9F8][b]结算价值[/b][/color] [color=#86EFAC][b]×2[/b][/color]；购买后该矿价值累计倍率为 [color=#86EFAC][b]×128[/b][/color]。","金币","2500000000000000000","2.5Qi","2.5","18","7","-7","prod_obsidian_06","meta_abyssal_mining","obsidian_mined ≥ 400","ORE_VALUE_MULT","obsidian","MULTIPLY","2","1","","矿物价值升级","obsidian","7","大数阶段","false"
"prod_obsidian_08","黑曜石·量子提炼","[color=#67E9F8][b]黑曜石[/b][/color][color=#67E9F8][b]结算价值[/b][/color] [color=#86EFAC][b]×2[/b][/color]；购买后该矿价值累计倍率为 [color=#86EFAC][b]×256[/b][/color]。","金币","2500000000000000000000","2.5e+21","2.5","21","7","-8","prod_obsidian_07","meta_abyssal_mining","obsidian_mined ≥ 800","ORE_VALUE_MULT","obsidian","MULTIPLY","2","1","","矿物价值升级","obsidian","8","大数阶段","true"
"prod_obsidian_09","黑曜石·星核工艺","[color=#67E9F8][b]黑曜石[/b][/color][color=#67E9F8][b]结算价值[/b][/color] [color=#86EFAC][b]×2[/b][/color]；购买后该矿价值累计倍率为 [color=#86EFAC][b]×512[/b][/color]。","金币","2500000000000000000000000","2.5e+24","2.5","24","7","-9","prod_obsidian_08","meta_endless_mining","obsidian_mined ≥ 1600","ORE_VALUE_MULT","obsidian","MULTIPLY","2","1","","矿物价值升级","obsidian","9","终局阶段","true"
"prod_obsidian_10","黑曜石·维度开采","[color=#67E9F8][b]黑曜石[/b][/color][color=#67E9F8][b]结算价值[/b][/color] [color=#86EFAC][b]×2[/b][/color]；购买后该矿价值累计倍率为 [color=#86EFAC][b]×1,024[/b][/color]。","金币","2500000000000000000000000000","2.5e+27","2.5","27","7","-10","prod_obsidian_09","meta_endless_mining","obsidian_mined ≥ 3200","ORE_VALUE_MULT","obsidian","MULTIPLY","2","1","","矿物价值升级","obsidian","10","终局阶段","true"
"unlock_diamond","解锁·钻石矿","[color=#67E9F8][b]钻石矿[/b][/color][color=#67E9F8][b]解锁[/b][/color]：允许实体 diamond 进入[color=#67E9F8][b]自然落矿池[/b][/color]（[color=#86EFAC][b]Lv1~3[/b][/color]同时允许）。","金币","25000000","2.5M","2.5","7","8","0","unlock_obsidian","","obsidian_mined ≥ 50","UNLOCK_ORE","diamond","UNLOCK","1","1","","矿物解锁","diamond","Unlock","本轮核心","false"
"prod_diamond_01","钻石矿·基础工具","[color=#67E9F8][b]钻石矿[/b][/color][color=#67E9F8][b]结算价值[/b][/color] [color=#86EFAC][b]×2[/b][/color]；购买后该矿价值累计倍率为 [color=#86EFAC][b]×2[/b][/color]。","金币","500000000","5M","5","8","8","-1","unlock_diamond","","diamond_mined ≥ 1","ORE_VALUE_MULT","diamond","MULTIPLY","2","1","","矿物价值升级","diamond","1","本轮核心","false"
"prod_diamond_02","钻石矿·标准流程","[color=#67E9F8][b]钻石矿[/b][/color][color=#67E9F8][b]结算价值[/b][/color] [color=#86EFAC][b]×2[/b][/color]；购买后该矿价值累计倍率为 [color=#86EFAC][b]×4[/b][/color]。","金币","2500000000","2.5B","2.5","9","8","-2","prod_diamond_01","","diamond_mined ≥ 5","ORE_VALUE_MULT","diamond","MULTIPLY","2","1","","矿物价值升级","diamond","2","本轮核心","false"
"prod_diamond_03","钻石矿·机械化","[color=#67E9F8][b]钻石矿[/b][/color][color=#67E9F8][b]结算价值[/b][/color] [color=#86EFAC][b]×2[/b][/color]；购买后该矿价值累计倍率为 [color=#86EFAC][b]×8[/b][/color]。","金币","25000000000","2.5B","2.5","10","8","-3","prod_diamond_02","","diamond_mined ≥ 25","ORE_VALUE_MULT","diamond","MULTIPLY","2","1","","矿物价值升级","diamond","3","本轮核心","false"
"prod_diamond_04","钻石矿·精密钻探","[color=#67E9F8][b]钻石矿[/b][/color][color=#67E9F8][b]结算价值[/b][/color] [color=#86EFAC][b]×2[/b][/color]；购买后该矿价值累计倍率为 [color=#86EFAC][b]×16[/b][/color]。","金币","2500000000000","2.5T","2.5","12","8","-4","prod_diamond_03","","diamond_mined ≥ 50","ORE_VALUE_MULT","diamond","MULTIPLY","2","1","","矿物价值升级","diamond","4","本轮核心","false"
"prod_diamond_05","钻石矿·工业扩建","[color=#67E9F8][b]钻石矿[/b][/color][color=#67E9F8][b]结算价值[/b][/color] [color=#86EFAC][b]×2[/b][/color]；购买后该矿价值累计倍率为 [color=#86EFAC][b]×32[/b][/color]。","金币","250000000000000","2.5T","2.5","14","8","-5","prod_diamond_04","meta_deep_mining","diamond_mined ≥ 100","ORE_VALUE_MULT","diamond","MULTIPLY","2","1","","矿物价值升级","diamond","5","升华扩展 I","false"
"prod_diamond_06","钻石矿·自动调度","[color=#67E9F8][b]钻石矿[/b][/color][color=#67E9F8][b]结算价值[/b][/color] [color=#86EFAC][b]×2[/b][/color]；购买后该矿价值累计倍率为 [color=#86EFAC][b]×64[/b][/color]。","金币","25000000000000000","2.5Qa","2.5","16","8","-6","prod_diamond_05","meta_deep_mining","diamond_mined ≥ 200","ORE_VALUE_MULT","diamond","MULTIPLY","2","1","","矿物价值升级","diamond","6","升华扩展 I","false"
"prod_diamond_07","钻石矿·深层网络","[color=#67E9F8][b]钻石矿[/b][/color][color=#67E9F8][b]结算价值[/b][/color] [color=#86EFAC][b]×2[/b][/color]；购买后该矿价值累计倍率为 [color=#86EFAC][b]×128[/b][/color]。","金币","25000000000000000000","2.5Qi","2.5","19","8","-7","prod_diamond_06","meta_abyssal_mining","diamond_mined ≥ 400","ORE_VALUE_MULT","diamond","MULTIPLY","2","1","","矿物价值升级","diamond","7","大数阶段","true"
"prod_diamond_08","钻石矿·量子提炼","[color=#67E9F8][b]钻石矿[/b][/color][color=#67E9F8][b]结算价值[/b][/color] [color=#86EFAC][b]×2[/b][/color]；购买后该矿价值累计倍率为 [color=#86EFAC][b]×256[/b][/color]。","金币","25000000000000000000000","2.5e+22","2.5","22","8","-8","prod_diamond_07","meta_abyssal_mining","diamond_mined ≥ 800","ORE_VALUE_MULT","diamond","MULTIPLY","2","1","","矿物价值升级","diamond","8","大数阶段","true"
"prod_diamond_09","钻石矿·星核工艺","[color=#67E9F8][b]钻石矿[/b][/color][color=#67E9F8][b]结算价值[/b][/color] [color=#86EFAC][b]×2[/b][/color]；购买后该矿价值累计倍率为 [color=#86EFAC][b]×512[/b][/color]。","金币","25000000000000000000000000","2.5e+25","2.5","25","8","-9","prod_diamond_08","meta_endless_mining","diamond_mined ≥ 1600","ORE_VALUE_MULT","diamond","MULTIPLY","2","1","","矿物价值升级","diamond","9","终局阶段","true"
"prod_diamond_10","钻石矿·维度开采","[color=#67E9F8][b]钻石矿[/b][/color][color=#67E9F8][b]结算价值[/b][/color] [color=#86EFAC][b]×2[/b][/color]；购买后该矿价值累计倍率为 [color=#86EFAC][b]×1,024[/b][/color]。","金币","25000000000000000000000000000","2.5e+28","2.5","28","8","-10","prod_diamond_09","meta_endless_mining","diamond_mined ≥ 3200","ORE_VALUE_MULT","diamond","MULTIPLY","2","1","","矿物价值升级","diamond","10","终局阶段","true"
"unlock_cat","解锁·猫矿","[color=#67E9F8][b]猫矿[/b][/color][color=#67E9F8][b]解锁[/b][/color]：允许实体 cat 进入[color=#67E9F8][b]自然落矿池[/b][/color]（[color=#86EFAC][b]Lv1~3[/b][/color]同时允许）。","金币","250000000","2.5M","2.5","8","9","0","unlock_diamond","","diamond_mined ≥ 50","UNLOCK_ORE","cat","UNLOCK","1","1","","矿物解锁","cat","Unlock","本轮核心","false"
"prod_cat_01","猫矿·基础工具","[color=#67E9F8][b]猫矿[/b][/color][color=#67E9F8][b]结算价值[/b][/color] [color=#86EFAC][b]×2[/b][/color]；购买后该矿价值累计倍率为 [color=#86EFAC][b]×2[/b][/color]。","金币","5000000000","5B","5","9","9","-1","unlock_cat","","cat_mined ≥ 1","ORE_VALUE_MULT","cat","MULTIPLY","2","1","","矿物价值升级","cat","1","本轮核心","false"
"prod_cat_02","猫矿·标准流程","[color=#67E9F8][b]猫矿[/b][/color][color=#67E9F8][b]结算价值[/b][/color] [color=#86EFAC][b]×2[/b][/color]；购买后该矿价值累计倍率为 [color=#86EFAC][b]×4[/b][/color]。","金币","25000000000","2.5B","2.5","10","9","-2","prod_cat_01","","cat_mined ≥ 5","ORE_VALUE_MULT","cat","MULTIPLY","2","1","","矿物价值升级","cat","2","本轮核心","false"
"prod_cat_03","猫矿·机械化","[color=#67E9F8][b]猫矿[/b][/color][color=#67E9F8][b]结算价值[/b][/color] [color=#86EFAC][b]×2[/b][/color]；购买后该矿价值累计倍率为 [color=#86EFAC][b]×8[/b][/color]。","金币","250000000000","2.5B","2.5","11","9","-3","prod_cat_02","","cat_mined ≥ 25","ORE_VALUE_MULT","cat","MULTIPLY","2","1","","矿物价值升级","cat","3","本轮核心","false"
"prod_cat_04","猫矿·精密钻探","[color=#67E9F8][b]猫矿[/b][/color][color=#67E9F8][b]结算价值[/b][/color] [color=#86EFAC][b]×2[/b][/color]；购买后该矿价值累计倍率为 [color=#86EFAC][b]×16[/b][/color]。","金币","25000000000000","2.5T","2.5","13","9","-4","prod_cat_03","","cat_mined ≥ 50","ORE_VALUE_MULT","cat","MULTIPLY","2","1","","矿物价值升级","cat","4","本轮核心","false"
"prod_cat_05","猫矿·工业扩建","[color=#67E9F8][b]猫矿[/b][/color][color=#67E9F8][b]结算价值[/b][/color] [color=#86EFAC][b]×2[/b][/color]；购买后该矿价值累计倍率为 [color=#86EFAC][b]×32[/b][/color]。","金币","2500000000000000","2.5Qa","2.5","15","9","-5","prod_cat_04","meta_deep_mining","cat_mined ≥ 100","ORE_VALUE_MULT","cat","MULTIPLY","2","1","","矿物价值升级","cat","5","升华扩展 I","false"
"prod_cat_06","猫矿·自动调度","[color=#67E9F8][b]猫矿[/b][/color][color=#67E9F8][b]结算价值[/b][/color] [color=#86EFAC][b]×2[/b][/color]；购买后该矿价值累计倍率为 [color=#86EFAC][b]×64[/b][/color]。","金币","250000000000000000","2.5Qa","2.5","17","9","-6","prod_cat_05","meta_deep_mining","cat_mined ≥ 200","ORE_VALUE_MULT","cat","MULTIPLY","2","1","","矿物价值升级","cat","6","升华扩展 I","false"
"prod_cat_07","猫矿·深层网络","[color=#67E9F8][b]猫矿[/b][/color][color=#67E9F8][b]结算价值[/b][/color] [color=#86EFAC][b]×2[/b][/color]；购买后该矿价值累计倍率为 [color=#86EFAC][b]×128[/b][/color]。","金币","250000000000000000000","2.5Qi","2.5","20","9","-7","prod_cat_06","meta_abyssal_mining","cat_mined ≥ 400","ORE_VALUE_MULT","cat","MULTIPLY","2","1","","矿物价值升级","cat","7","大数阶段","true"
"prod_cat_08","猫矿·量子提炼","[color=#67E9F8][b]猫矿[/b][/color][color=#67E9F8][b]结算价值[/b][/color] [color=#86EFAC][b]×2[/b][/color]；购买后该矿价值累计倍率为 [color=#86EFAC][b]×256[/b][/color]。","金币","250000000000000000000000","2.5e+23","2.5","23","9","-8","prod_cat_07","meta_abyssal_mining","cat_mined ≥ 800","ORE_VALUE_MULT","cat","MULTIPLY","2","1","","矿物价值升级","cat","8","大数阶段","true"
"prod_cat_09","猫矿·星核工艺","[color=#67E9F8][b]猫矿[/b][/color][color=#67E9F8][b]结算价值[/b][/color] [color=#86EFAC][b]×2[/b][/color]；购买后该矿价值累计倍率为 [color=#86EFAC][b]×512[/b][/color]。","金币","250000000000000000000000000","2.5e+26","2.5","26","9","-9","prod_cat_08","meta_endless_mining","cat_mined ≥ 1600","ORE_VALUE_MULT","cat","MULTIPLY","2","1","","矿物价值升级","cat","9","终局阶段","true"
"prod_cat_10","猫矿·维度开采","[color=#67E9F8][b]猫矿[/b][/color][color=#67E9F8][b]结算价值[/b][/color] [color=#86EFAC][b]×2[/b][/color]；购买后该矿价值累计倍率为 [color=#86EFAC][b]×1,024[/b][/color]。","金币","250000000000000000000000000000","2.5e+29","2.5","29","9","-10","prod_cat_09","meta_endless_mining","cat_mined ≥ 3200","ORE_VALUE_MULT","cat","MULTIPLY","2","1","","矿物价值升级","cat","10","终局阶段","true"
"unlock_tile_dirt","解锁地块·泥土","[color=#67E9F8][b]解锁[/b][/color] 泥土 的购买与放置（放置时按 [color=#86EFAC][b]基准价 × 1.15^已放置[/b][/color] 计费，卖出返还 [color=#86EFAC][b]25%[/b][/color]）。","金币","0","0","0","0","0","1","","","","UNLOCK_TILE","dirt","UNLOCK","1","1","","地块解锁","dirt","Unlock","本轮核心","false"
"unlock_tile_grass","解锁地块·草地","[color=#67E9F8][b]解锁[/b][/color] 草地 的购买与放置（放置时按 [color=#86EFAC][b]基准价 × 1.15^已放置[/b][/color] 计费，卖出返还 [color=#86EFAC][b]25%[/b][/color]）。","金币","100","100","1","2","0","2","unlock_tile_dirt","","已解锁前置地块 泥土","UNLOCK_TILE","grass","UNLOCK","1","1","","地块解锁","grass","Unlock","本轮核心","false"
"unlock_tile_stone","解锁地块·石头","[color=#67E9F8][b]解锁[/b][/color] 石头 的购买与放置（放置时按 [color=#86EFAC][b]基准价 × 1.15^已放置[/b][/color] 计费，卖出返还 [color=#86EFAC][b]25%[/b][/color]）。","金币","500","500","5","2","0","3","unlock_tile_grass","","已解锁前置地块 草地","UNLOCK_TILE","stone","UNLOCK","1","1","","地块解锁","stone","Unlock","本轮核心","false"
"unlock_tile_water","解锁地块·水域","[color=#67E9F8][b]解锁[/b][/color] 水域 的购买与放置（放置时按 [color=#86EFAC][b]基准价 × 1.15^已放置[/b][/color] 计费，卖出返还 [color=#86EFAC][b]25%[/b][/color]）。","金币","2500","2.5K","2.5","3","0","4","unlock_tile_stone","","已解锁前置地块 石头","UNLOCK_TILE","water","UNLOCK","1","1","","地块解锁","water","Unlock","本轮核心","false"
"unlock_tile_fire","解锁地块·熔岩","[color=#67E9F8][b]解锁[/b][/color] 熔岩 的购买与放置（放置时按 [color=#86EFAC][b]基准价 × 1.15^已放置[/b][/color] 计费，卖出返还 [color=#86EFAC][b]25%[/b][/color]）。","金币","12500","1.25K","1.25","4","0","5","unlock_tile_water","","已解锁前置地块 水域","UNLOCK_TILE","fire","UNLOCK","1","1","","地块解锁","fire","Unlock","本轮核心","false"
"unlock_tile_push","解锁地块·传送带","[color=#67E9F8][b]解锁[/b][/color] 传送带 的购买与放置（放置时按 [color=#86EFAC][b]基准价 × 1.15^已放置[/b][/color] 计费，卖出返还 [color=#86EFAC][b]25%[/b][/color]）。","金币","50000","5K","5","4","0","6","unlock_tile_fire","","已解锁前置地块 熔岩","UNLOCK_TILE","push","UNLOCK","1","1","","地块解锁","push","Unlock","本轮核心","false"
"unlock_tile_pull","解锁地块·磁吸","[color=#67E9F8][b]解锁[/b][/color] 磁吸 的购买与放置（放置时按 [color=#86EFAC][b]基准价 × 1.15^已放置[/b][/color] 计费，卖出返还 [color=#86EFAC][b]25%[/b][/color]）。","金币","150000","1.5K","1.5","5","0","7","unlock_tile_push","","已解锁前置地块 传送带","UNLOCK_TILE","pull","UNLOCK","1","1","","地块解锁","pull","Unlock","本轮核心","false"
"unlock_tile_upgrade","解锁地块·升级台","[color=#67E9F8][b]解锁[/b][/color] 升级台 的购买与放置（放置时按 [color=#86EFAC][b]基准价 × 1.15^已放置[/b][/color] 计费，卖出返还 [color=#86EFAC][b]25%[/b][/color]）。","金币","1000000","1M","1","6","0","8","unlock_tile_pull","","已解锁前置地块 磁吸","UNLOCK_TILE","upgrade","UNLOCK","1","1","","地块解锁","upgrade","Unlock","本轮核心","false"
"unlock_tile_rarity","解锁地块·稀有矿脉","[color=#67E9F8][b]解锁[/b][/color] 稀有矿脉 的购买与放置（放置时按 [color=#86EFAC][b]基准价 × 1.15^已放置[/b][/color] 计费，卖出返还 [color=#86EFAC][b]25%[/b][/color]）。","金币","3000000","3M","3","6","0","9","unlock_tile_upgrade","","已解锁前置地块 升级台","UNLOCK_TILE","rarity","UNLOCK","1","1","","地块解锁","rarity","Unlock","本轮核心","false"
"unlock_tile_spawn","解锁地块·水晶矿脉","[color=#67E9F8][b]解锁[/b][/color] 水晶矿脉 的购买与放置（放置时按 [color=#86EFAC][b]基准价 × 1.15^已放置[/b][/color] 计费，卖出返还 [color=#86EFAC][b]25%[/b][/color]）。","金币","10000000","1M","1","7","0","10","unlock_tile_rarity","","已解锁前置地块 稀有矿脉","UNLOCK_TILE","spawn","UNLOCK","1","1","","地块解锁","spawn","Unlock","本轮核心","false"
"unlock_tile_conveyor_belt_leftdown","解锁地块·传送带·左下","[color=#67E9F8][b]解锁[/b][/color] 传送带·左下 的购买与放置（放置时按 [color=#86EFAC][b]基准价 × 1.15^已放置[/b][/color] 计费，卖出返还 [color=#86EFAC][b]25%[/b][/color]）。","金币","50000","5K","5","4","0","11","unlock_tile_spawn","","已解锁前置地块 水晶矿脉","UNLOCK_TILE","conveyor_belt_leftdown","UNLOCK","1","1","","地块解锁","conveyor_belt_leftdown","Unlock","本轮核心","false"
"unlock_tile_conveyor_belt_leftup","解锁地块·传送带·左上","[color=#67E9F8][b]解锁[/b][/color] 传送带·左上 的购买与放置（放置时按 [color=#86EFAC][b]基准价 × 1.15^已放置[/b][/color] 计费，卖出返还 [color=#86EFAC][b]25%[/b][/color]）。","金币","50000","5K","5","4","0","12","unlock_tile_conveyor_belt_leftdown","","已解锁前置地块 传送带·左下","UNLOCK_TILE","conveyor_belt_leftup","UNLOCK","1","1","","地块解锁","conveyor_belt_leftup","Unlock","本轮核心","false"
"unlock_tile_conveyor_belt_rightdown","解锁地块·传送带·右下","[color=#67E9F8][b]解锁[/b][/color] 传送带·右下 的购买与放置（放置时按 [color=#86EFAC][b]基准价 × 1.15^已放置[/b][/color] 计费，卖出返还 [color=#86EFAC][b]25%[/b][/color]）。","金币","50000","5K","5","4","0","13","unlock_tile_conveyor_belt_leftup","","已解锁前置地块 传送带·左上","UNLOCK_TILE","conveyor_belt_rightdown","UNLOCK","1","1","","地块解锁","conveyor_belt_rightdown","Unlock","本轮核心","false"
"unlock_tile_conveyor_belt_rightup","解锁地块·传送带·右上","[color=#67E9F8][b]解锁[/b][/color] 传送带·右上 的购买与放置（放置时按 [color=#86EFAC][b]基准价 × 1.15^已放置[/b][/color] 计费，卖出返还 [color=#86EFAC][b]25%[/b][/color]）。","金币","50000","5K","5","4","0","14","unlock_tile_conveyor_belt_rightdown","","已解锁前置地块 传送带·右下","UNLOCK_TILE","conveyor_belt_rightup","UNLOCK","1","1","","地块解锁","conveyor_belt_rightup","Unlock","本轮核心","false"
"unlock_tile_tnt_spawn","解锁地块·TNT 生成器","[color=#67E9F8][b]解锁[/b][/color] TNT 生成器 的购买与放置（放置时按 [color=#86EFAC][b]基准价 × 1.15^已放置[/b][/color] 计费，卖出返还 [color=#86EFAC][b]25%[/b][/color]）。","金币","200000","2K","2","5","0","15","unlock_tile_conveyor_belt_rightup","","已解锁前置地块 传送带·右上","UNLOCK_TILE","tnt_spawn","UNLOCK","1","1","","地块解锁","tnt_spawn","Unlock","本轮核心","false"
"unlock_tile_tnt","解锁地块·TNT","[color=#67E9F8][b]解锁[/b][/color] TNT 的购买与放置（放置时按 [color=#86EFAC][b]基准价 × 1.15^已放置[/b][/color] 计费，卖出返还 [color=#86EFAC][b]25%[/b][/color]）。","金币","50000","5K","5","4","0","16","unlock_tile_tnt_spawn","","已解锁前置地块 TNT 生成器","UNLOCK_TILE","tnt","UNLOCK","1","1","","地块解锁","tnt","Unlock","本轮核心","false"
"tile_up_dirt_1","泥土强化 1","[color=#67E9F8][b]泥土[/b][/color][color=#67E9F8][b]行为强化[/b][/color]：[color=#86EFAC][b]手挖伤害 ×1.1[/b][/color]。","金币","10","10","1","1","1","1","unlock_tile_dirt","","已解锁地块 泥土","TILE_BEHAVIOR_UP","dirt","SET","1.1","1","手挖伤害 ×1.1","地块行为","dirt","1","本轮核心","false"
"tile_up_dirt_2","泥土强化 2","[color=#67E9F8][b]泥土[/b][/color][color=#67E9F8][b]行为强化[/b][/color]：[color=#86EFAC][b]手挖伤害 ×1.2[/b][/color]。","金币","50","50","5","1","2","1","tile_up_dirt_1","","已解锁地块 泥土","TILE_BEHAVIOR_UP","dirt","SET","1.2","1","手挖伤害 ×1.2","地块行为","dirt","2","本轮核心","false"
"tile_up_dirt_3","泥土强化 3","[color=#67E9F8][b]泥土[/b][/color][color=#67E9F8][b]行为强化[/b][/color]：[color=#86EFAC][b]手挖伤害 ×1.3[/b][/color]。","金币","250","250","2.5","2","3","1","tile_up_dirt_2","","已解锁地块 泥土","TILE_BEHAVIOR_UP","dirt","SET","1.3","1","手挖伤害 ×1.3","地块行为","dirt","3","升华扩展 I","false"
"tile_up_dirt_4","泥土强化 4","[color=#67E9F8][b]泥土[/b][/color][color=#67E9F8][b]行为强化[/b][/color]：[color=#86EFAC][b]手挖伤害 ×1.4[/b][/color]。","金币","1250","1.25K","1.25","3","4","1","tile_up_dirt_3","","已解锁地块 泥土","TILE_BEHAVIOR_UP","dirt","SET","1.4","1","手挖伤害 ×1.4","地块行为","dirt","4","升华扩展 I","false"
"tile_up_dirt_5","泥土强化 5","[color=#67E9F8][b]泥土[/b][/color][color=#67E9F8][b]行为强化[/b][/color]：[color=#86EFAC][b]手挖伤害 ×1.5[/b][/color]。","金币","6250","6.25K","6.25","3","5","1","tile_up_dirt_4","","已解锁地块 泥土","TILE_BEHAVIOR_UP","dirt","SET","1.5","1","手挖伤害 ×1.5","地块行为","dirt","5","大数阶段","false"
"tile_up_grass_1","草地强化 1","[color=#67E9F8][b]草地[/b][/color][color=#67E9F8][b]行为强化[/b][/color]：[color=#86EFAC][b]手挖伤害 ×2[/b][/color]。","金币","100","100","1","2","1","2","unlock_tile_grass","","已解锁地块 草地","TILE_BEHAVIOR_UP","grass","SET","2.0","1","手挖伤害 ×2","地块行为","grass","1","本轮核心","false"
"tile_up_grass_2","草地强化 2","[color=#67E9F8][b]草地[/b][/color][color=#67E9F8][b]行为强化[/b][/color]：[color=#86EFAC][b]手挖伤害 ×2.5[/b][/color]。","金币","500","500","5","2","2","2","tile_up_grass_1","","已解锁地块 草地","TILE_BEHAVIOR_UP","grass","SET","2.5","1","手挖伤害 ×2.5","地块行为","grass","2","本轮核心","false"
"tile_up_grass_3","草地强化 3","[color=#67E9F8][b]草地[/b][/color][color=#67E9F8][b]行为强化[/b][/color]：[color=#86EFAC][b]手挖伤害 ×3[/b][/color]。","金币","2500","2.5K","2.5","3","3","2","tile_up_grass_2","","已解锁地块 草地","TILE_BEHAVIOR_UP","grass","SET","3.0","1","手挖伤害 ×3","地块行为","grass","3","升华扩展 I","false"
"tile_up_grass_4","草地强化 4","[color=#67E9F8][b]草地[/b][/color][color=#67E9F8][b]行为强化[/b][/color]：[color=#86EFAC][b]手挖伤害 ×3.5[/b][/color]。","金币","12500","1.25K","1.25","4","4","2","tile_up_grass_3","","已解锁地块 草地","TILE_BEHAVIOR_UP","grass","SET","3.5","1","手挖伤害 ×3.5","地块行为","grass","4","升华扩展 I","false"
"tile_up_grass_5","草地强化 5","[color=#67E9F8][b]草地[/b][/color][color=#67E9F8][b]行为强化[/b][/color]：[color=#86EFAC][b]手挖伤害 ×4[/b][/color]。","金币","62500","6.25K","6.25","4","5","2","tile_up_grass_4","","已解锁地块 草地","TILE_BEHAVIOR_UP","grass","SET","4.0","1","手挖伤害 ×4","地块行为","grass","5","大数阶段","false"
"tile_up_stone_1","石头强化 1","[color=#67E9F8][b]石头[/b][/color][color=#67E9F8][b]行为强化[/b][/color]：[color=#86EFAC][b]结算价值 ×2[/b][/color]。","金币","500","500","5","2","1","3","unlock_tile_stone","","已解锁地块 石头","TILE_BEHAVIOR_UP","stone","SET","2.0","1","结算价值 ×2","地块行为","stone","1","本轮核心","false"
"tile_up_stone_2","石头强化 2","[color=#67E9F8][b]石头[/b][/color][color=#67E9F8][b]行为强化[/b][/color]：[color=#86EFAC][b]结算价值 ×2.5[/b][/color]。","金币","2500","2.5K","2.5","3","2","3","tile_up_stone_1","","已解锁地块 石头","TILE_BEHAVIOR_UP","stone","SET","2.5","1","结算价值 ×2.5","地块行为","stone","2","本轮核心","false"
"tile_up_stone_3","石头强化 3","[color=#67E9F8][b]石头[/b][/color][color=#67E9F8][b]行为强化[/b][/color]：[color=#86EFAC][b]结算价值 ×3[/b][/color]。","金币","12500","1.25K","1.25","4","3","3","tile_up_stone_2","","已解锁地块 石头","TILE_BEHAVIOR_UP","stone","SET","3.0","1","结算价值 ×3","地块行为","stone","3","升华扩展 I","false"
"tile_up_stone_4","石头强化 4","[color=#67E9F8][b]石头[/b][/color][color=#67E9F8][b]行为强化[/b][/color]：[color=#86EFAC][b]结算价值 ×3.5[/b][/color]。","金币","62500","6.25K","6.25","4","4","3","tile_up_stone_3","","已解锁地块 石头","TILE_BEHAVIOR_UP","stone","SET","3.5","1","结算价值 ×3.5","地块行为","stone","4","升华扩展 I","false"
"tile_up_stone_5","石头强化 5","[color=#67E9F8][b]石头[/b][/color][color=#67E9F8][b]行为强化[/b][/color]：[color=#86EFAC][b]结算价值 ×4[/b][/color]。","金币","312500","3.125K","3.125","5","5","3","tile_up_stone_4","","已解锁地块 石头","TILE_BEHAVIOR_UP","stone","SET","4.0","1","结算价值 ×4","地块行为","stone","5","大数阶段","false"
"tile_up_water_1","水域强化 1","[color=#67E9F8][b]水域[/b][/color][color=#67E9F8][b]行为强化[/b][/color]：[color=#86EFAC][b]沉没返还 15%[/b][/color]。","金币","2500","2.5K","2.5","3","1","4","unlock_tile_water","","已解锁地块 水域","TILE_BEHAVIOR_UP","water","SET","0.15","1","沉没返还 15%","地块行为","water","1","本轮核心","false"
"tile_up_water_2","水域强化 2","[color=#67E9F8][b]水域[/b][/color][color=#67E9F8][b]行为强化[/b][/color]：[color=#86EFAC][b]沉没返还 20%[/b][/color]。","金币","12500","1.25K","1.25","4","2","4","tile_up_water_1","","已解锁地块 水域","TILE_BEHAVIOR_UP","water","SET","0.20","1","沉没返还 20%","地块行为","water","2","本轮核心","false"
"tile_up_water_3","水域强化 3","[color=#67E9F8][b]水域[/b][/color][color=#67E9F8][b]行为强化[/b][/color]：[color=#86EFAC][b]沉没返还 25%[/b][/color]。","金币","62500","6.25K","6.25","4","3","4","tile_up_water_2","","已解锁地块 水域","TILE_BEHAVIOR_UP","water","SET","0.25","1","沉没返还 25%","地块行为","water","3","升华扩展 I","false"
"tile_up_water_4","水域强化 4","[color=#67E9F8][b]水域[/b][/color][color=#67E9F8][b]行为强化[/b][/color]：[color=#86EFAC][b]沉没返还 30%[/b][/color]。","金币","312500","3.125K","3.125","5","4","4","tile_up_water_3","","已解锁地块 水域","TILE_BEHAVIOR_UP","water","SET","0.30","1","沉没返还 30%","地块行为","water","4","升华扩展 I","false"
"tile_up_water_5","水域强化 5","[color=#67E9F8][b]水域[/b][/color][color=#67E9F8][b]行为强化[/b][/color]：[color=#86EFAC][b]沉没返还 35%[/b][/color]。","金币","1562500","1.5625M","1.5625","6","5","4","tile_up_water_4","","已解锁地块 水域","TILE_BEHAVIOR_UP","water","SET","0.35","1","沉没返还 35%","地块行为","water","5","大数阶段","false"
"tile_up_fire_1","熔岩强化 1","[color=#67E9F8][b]熔岩[/b][/color][color=#67E9F8][b]行为强化[/b][/color]：[color=#86EFAC][b]每秒伤害 15[/b][/color]。","金币","12500","1.25K","1.25","4","1","5","unlock_tile_fire","","已解锁地块 熔岩","TILE_BEHAVIOR_UP","fire","SET","15","1","每秒伤害 15","地块行为","fire","1","本轮核心","false"
"tile_up_fire_2","熔岩强化 2","[color=#67E9F8][b]熔岩[/b][/color][color=#67E9F8][b]行为强化[/b][/color]：[color=#86EFAC][b]每秒伤害 20[/b][/color]。","金币","62500","6.25K","6.25","4","2","5","tile_up_fire_1","","已解锁地块 熔岩","TILE_BEHAVIOR_UP","fire","SET","20","1","每秒伤害 20","地块行为","fire","2","本轮核心","false"
"tile_up_fire_3","熔岩强化 3","[color=#67E9F8][b]熔岩[/b][/color][color=#67E9F8][b]行为强化[/b][/color]：[color=#86EFAC][b]每秒伤害 25[/b][/color]。","金币","312500","3.125K","3.125","5","3","5","tile_up_fire_2","","已解锁地块 熔岩","TILE_BEHAVIOR_UP","fire","SET","25","1","每秒伤害 25","地块行为","fire","3","升华扩展 I","false"
"tile_up_fire_4","熔岩强化 4","[color=#67E9F8][b]熔岩[/b][/color][color=#67E9F8][b]行为强化[/b][/color]：[color=#86EFAC][b]每秒伤害 30[/b][/color]。","金币","1562500","1.5625M","1.5625","6","4","5","tile_up_fire_3","","已解锁地块 熔岩","TILE_BEHAVIOR_UP","fire","SET","30","1","每秒伤害 30","地块行为","fire","4","升华扩展 I","false"
"tile_up_fire_5","熔岩强化 5","[color=#67E9F8][b]熔岩[/b][/color][color=#67E9F8][b]行为强化[/b][/color]：[color=#86EFAC][b]每秒伤害 35[/b][/color]。","金币","7812500","7.8125M","7.8125","6","5","5","tile_up_fire_4","","已解锁地块 熔岩","TILE_BEHAVIOR_UP","fire","SET","35","1","每秒伤害 35","地块行为","fire","5","大数阶段","false"
"tile_up_push_1","传送带强化 1","[color=#67E9F8][b]传送带[/b][/color][color=#67E9F8][b]行为强化[/b][/color]：[color=#86EFAC][b]推动周期 1.8s[/b][/color]。","金币","50000","5K","5","4","1","6","unlock_tile_push","","已解锁地块 传送带","TILE_BEHAVIOR_UP","push","SET","1.8","1","推动周期 1.8s","地块行为","push","1","本轮核心","false"
"tile_up_push_2","传送带强化 2","[color=#67E9F8][b]传送带[/b][/color][color=#67E9F8][b]行为强化[/b][/color]：[color=#86EFAC][b]推动周期 1.6s[/b][/color]。","金币","250000","2.5K","2.5","5","2","6","tile_up_push_1","","已解锁地块 传送带","TILE_BEHAVIOR_UP","push","SET","1.6","1","推动周期 1.6s","地块行为","push","2","本轮核心","false"
"tile_up_push_3","传送带强化 3","[color=#67E9F8][b]传送带[/b][/color][color=#67E9F8][b]行为强化[/b][/color]：[color=#86EFAC][b]推动周期 1.4s[/b][/color]。","金币","1250000","1.25M","1.25","6","3","6","tile_up_push_2","","已解锁地块 传送带","TILE_BEHAVIOR_UP","push","SET","1.4","1","推动周期 1.4s","地块行为","push","3","升华扩展 I","false"
"tile_up_push_4","传送带强化 4","[color=#67E9F8][b]传送带[/b][/color][color=#67E9F8][b]行为强化[/b][/color]：[color=#86EFAC][b]推动周期 1.2s[/b][/color]。","金币","6250000","6.25M","6.25","6","4","6","tile_up_push_3","","已解锁地块 传送带","TILE_BEHAVIOR_UP","push","SET","1.2","1","推动周期 1.2s","地块行为","push","4","升华扩展 I","false"
"tile_up_push_5","传送带强化 5","[color=#67E9F8][b]传送带[/b][/color][color=#67E9F8][b]行为强化[/b][/color]：[color=#86EFAC][b]推动周期 1.0s[/b][/color]。","金币","31250000","3.125M","3.125","7","5","6","tile_up_push_4","","已解锁地块 传送带","TILE_BEHAVIOR_UP","push","SET","1.0","1","推动周期 1.0s","地块行为","push","5","大数阶段","false"
"tile_up_pull_1","磁吸强化 1","[color=#67E9F8][b]磁吸[/b][/color][color=#67E9F8][b]行为强化[/b][/color]：[color=#86EFAC][b]拉动周期 1.8s[/b][/color]。","金币","150000","1.5K","1.5","5","1","7","unlock_tile_pull","","已解锁地块 磁吸","TILE_BEHAVIOR_UP","pull","SET","1.8","1","拉动周期 1.8s","地块行为","pull","1","本轮核心","false"
"tile_up_pull_2","磁吸强化 2","[color=#67E9F8][b]磁吸[/b][/color][color=#67E9F8][b]行为强化[/b][/color]：[color=#86EFAC][b]拉动周期 1.6s[/b][/color]。","金币","750000","7.5K","7.5","5","2","7","tile_up_pull_1","","已解锁地块 磁吸","TILE_BEHAVIOR_UP","pull","SET","1.6","1","拉动周期 1.6s","地块行为","pull","2","本轮核心","false"
"tile_up_pull_3","磁吸强化 3","[color=#67E9F8][b]磁吸[/b][/color][color=#67E9F8][b]行为强化[/b][/color]：[color=#86EFAC][b]拉动周期 1.4s[/b][/color]。","金币","3750000","3.75M","3.75","6","3","7","tile_up_pull_2","","已解锁地块 磁吸","TILE_BEHAVIOR_UP","pull","SET","1.4","1","拉动周期 1.4s","地块行为","pull","3","升华扩展 I","false"
"tile_up_pull_4","磁吸强化 4","[color=#67E9F8][b]磁吸[/b][/color][color=#67E9F8][b]行为强化[/b][/color]：[color=#86EFAC][b]拉动周期 1.2s[/b][/color]。","金币","18750000","1.875M","1.875","7","4","7","tile_up_pull_3","","已解锁地块 磁吸","TILE_BEHAVIOR_UP","pull","SET","1.2","1","拉动周期 1.2s","地块行为","pull","4","升华扩展 I","false"
"tile_up_pull_5","磁吸强化 5","[color=#67E9F8][b]磁吸[/b][/color][color=#67E9F8][b]行为强化[/b][/color]：[color=#86EFAC][b]拉动周期 1.0s[/b][/color]。","金币","93750000","9.375M","9.375","7","5","7","tile_up_pull_4","","已解锁地块 磁吸","TILE_BEHAVIOR_UP","pull","SET","1.0","1","拉动周期 1.0s","地块行为","pull","5","大数阶段","false"
"tile_up_upgrade_1","升级台强化 1","[color=#67E9F8][b]升级台[/b][/color][color=#67E9F8][b]行为强化[/b][/color]：[color=#86EFAC][b]升级周期 2.5s[/b][/color]。","金币","1000000","1M","1","6","1","8","unlock_tile_upgrade","","已解锁地块 升级台","TILE_BEHAVIOR_UP","upgrade","SET","2.5","1","升级周期 2.5s","地块行为","upgrade","1","本轮核心","false"
"tile_up_upgrade_2","升级台强化 2","[color=#67E9F8][b]升级台[/b][/color][color=#67E9F8][b]行为强化[/b][/color]：[color=#86EFAC][b]升级周期 2.0s[/b][/color]。","金币","5000000","5M","5","6","2","8","tile_up_upgrade_1","","已解锁地块 升级台","TILE_BEHAVIOR_UP","upgrade","SET","2.0","1","升级周期 2.0s","地块行为","upgrade","2","本轮核心","false"
"tile_up_upgrade_3","升级台强化 3","[color=#67E9F8][b]升级台[/b][/color][color=#67E9F8][b]行为强化[/b][/color]：[color=#86EFAC][b]升级周期 1.5s[/b][/color]。","金币","25000000","2.5M","2.5","7","3","8","tile_up_upgrade_2","","已解锁地块 升级台","TILE_BEHAVIOR_UP","upgrade","SET","1.5","1","升级周期 1.5s","地块行为","upgrade","3","升华扩展 I","false"
"tile_up_upgrade_4","升级台强化 4","[color=#67E9F8][b]升级台[/b][/color][color=#67E9F8][b]行为强化[/b][/color]：[color=#86EFAC][b]升级周期 1.2s[/b][/color]。","金币","125000000","1.25M","1.25","8","4","8","tile_up_upgrade_3","","已解锁地块 升级台","TILE_BEHAVIOR_UP","upgrade","SET","1.2","1","升级周期 1.2s","地块行为","upgrade","4","升华扩展 I","false"
"tile_up_upgrade_5","升级台强化 5","[color=#67E9F8][b]升级台[/b][/color][color=#67E9F8][b]行为强化[/b][/color]：[color=#86EFAC][b]升级周期 1.0s[/b][/color]。","金币","625000000","6.25M","6.25","8","5","8","tile_up_upgrade_4","","已解锁地块 升级台","TILE_BEHAVIOR_UP","upgrade","SET","1.0","1","升级周期 1.0s","地块行为","upgrade","5","大数阶段","false"
"tile_up_rarity_1","稀有矿脉强化 1","[color=#67E9F8][b]稀有矿脉[/b][/color][color=#67E9F8][b]行为强化[/b][/color]：[color=#86EFAC][b]稀有度过滤 ≥3[/b][/color]。","金币","3000000","3M","3","6","1","9","unlock_tile_rarity","","已解锁地块 稀有矿脉","TILE_BEHAVIOR_UP","rarity","SET","3","1","稀有度过滤 ≥3","地块行为","rarity","1","本轮核心","false"
"tile_up_rarity_2","稀有矿脉强化 2","[color=#67E9F8][b]稀有矿脉[/b][/color][color=#67E9F8][b]行为强化[/b][/color]：[color=#86EFAC][b]稀有度过滤 ≥4[/b][/color]。","金币","15000000","1.5M","1.5","7","2","9","tile_up_rarity_1","","已解锁地块 稀有矿脉","TILE_BEHAVIOR_UP","rarity","SET","4","1","稀有度过滤 ≥4","地块行为","rarity","2","本轮核心","false"
"tile_up_rarity_3","稀有矿脉强化 3","[color=#67E9F8][b]稀有矿脉[/b][/color][color=#67E9F8][b]行为强化[/b][/color]：[color=#86EFAC][b]过滤 ≥4 且结算 ×1.1[/b][/color]。","金币","75000000","7.5M","7.5","7","3","9","tile_up_rarity_2","","已解锁地块 稀有矿脉","TILE_BEHAVIOR_UP","rarity","SET","4","1","过滤 ≥4 且结算 ×1.1","地块行为","rarity","3","升华扩展 I","false"
"tile_up_rarity_4","稀有矿脉强化 4","[color=#67E9F8][b]稀有矿脉[/b][/color][color=#67E9F8][b]行为强化[/b][/color]：[color=#86EFAC][b]过滤 ≥4 且结算 ×1.2[/b][/color]。","金币","375000000","3.75M","3.75","8","4","9","tile_up_rarity_3","","已解锁地块 稀有矿脉","TILE_BEHAVIOR_UP","rarity","SET","4","1","过滤 ≥4 且结算 ×1.2","地块行为","rarity","4","升华扩展 I","false"
"tile_up_rarity_5","稀有矿脉强化 5","[color=#67E9F8][b]稀有矿脉[/b][/color][color=#67E9F8][b]行为强化[/b][/color]：[color=#86EFAC][b]过滤 ≥4 且结算 ×1.3[/b][/color]。","金币","1875000000","1.875B","1.875","9","5","9","tile_up_rarity_4","","已解锁地块 稀有矿脉","TILE_BEHAVIOR_UP","rarity","SET","4","1","过滤 ≥4 且结算 ×1.3","地块行为","rarity","5","大数阶段","false"
"tile_up_spawn_1","水晶矿脉强化 1","[color=#67E9F8][b]水晶矿脉[/b][/color][color=#67E9F8][b]行为强化[/b][/color]：[color=#86EFAC][b]生成周期 4.0s[/b][/color]。","金币","10000000","1M","1","7","1","10","unlock_tile_spawn","","已解锁地块 水晶矿脉","TILE_BEHAVIOR_UP","spawn","SET","4.0","1","生成周期 4.0s","地块行为","spawn","1","本轮核心","false"
"tile_up_spawn_2","水晶矿脉强化 2","[color=#67E9F8][b]水晶矿脉[/b][/color][color=#67E9F8][b]行为强化[/b][/color]：[color=#86EFAC][b]生成周期 3.0s[/b][/color]。","金币","50000000","5M","5","7","2","10","tile_up_spawn_1","","已解锁地块 水晶矿脉","TILE_BEHAVIOR_UP","spawn","SET","3.0","1","生成周期 3.0s","地块行为","spawn","2","本轮核心","false"
"tile_up_spawn_3","水晶矿脉强化 3","[color=#67E9F8][b]水晶矿脉[/b][/color][color=#67E9F8][b]行为强化[/b][/color]：[color=#86EFAC][b]生成周期 2.5s[/b][/color]。","金币","250000000","2.5M","2.5","8","3","10","tile_up_spawn_2","","已解锁地块 水晶矿脉","TILE_BEHAVIOR_UP","spawn","SET","2.5","1","生成周期 2.5s","地块行为","spawn","3","升华扩展 I","false"
"tile_up_spawn_4","水晶矿脉强化 4","[color=#67E9F8][b]水晶矿脉[/b][/color][color=#67E9F8][b]行为强化[/b][/color]：[color=#86EFAC][b]生成周期 2.0s[/b][/color]。","金币","1250000000","1.25B","1.25","9","4","10","tile_up_spawn_3","","已解锁地块 水晶矿脉","TILE_BEHAVIOR_UP","spawn","SET","2.0","1","生成周期 2.0s","地块行为","spawn","4","升华扩展 I","false"
"tile_up_spawn_5","水晶矿脉强化 5","[color=#67E9F8][b]水晶矿脉[/b][/color][color=#67E9F8][b]行为强化[/b][/color]：[color=#86EFAC][b]生成周期 1.5s[/b][/color]。","金币","6250000000","6.25B","6.25","9","5","10","tile_up_spawn_4","","已解锁地块 水晶矿脉","TILE_BEHAVIOR_UP","spawn","SET","1.5","1","生成周期 1.5s","地块行为","spawn","5","大数阶段","false"
"tile_up_conveyor_belt_leftdown_1","传送带·左下强化 1","[color=#67E9F8][b]传送带·左下[/b][/color][color=#67E9F8][b]行为强化[/b][/color]：[color=#86EFAC][b]运输周期 0.8s[/b][/color]。","金币","50000","5K","5","4","1","11","unlock_tile_conveyor_belt_leftdown","","已解锁地块 传送带·左下","TILE_BEHAVIOR_UP","conveyor_belt_leftdown","SET","0.8","1","运输周期 0.8s","地块行为","conveyor_belt_leftdown","1","本轮核心","false"
"tile_up_conveyor_belt_leftdown_2","传送带·左下强化 2","[color=#67E9F8][b]传送带·左下[/b][/color][color=#67E9F8][b]行为强化[/b][/color]：[color=#86EFAC][b]运输周期 0.6s[/b][/color]。","金币","250000","2.5K","2.5","5","2","11","tile_up_conveyor_belt_leftdown_1","","已解锁地块 传送带·左下","TILE_BEHAVIOR_UP","conveyor_belt_leftdown","SET","0.6","1","运输周期 0.6s","地块行为","conveyor_belt_leftdown","2","本轮核心","false"
"tile_up_conveyor_belt_leftdown_3","传送带·左下强化 3","[color=#67E9F8][b]传送带·左下[/b][/color][color=#67E9F8][b]行为强化[/b][/color]：[color=#86EFAC][b]运输周期 0.5s[/b][/color]。","金币","1250000","1.25M","1.25","6","3","11","tile_up_conveyor_belt_leftdown_2","","已解锁地块 传送带·左下","TILE_BEHAVIOR_UP","conveyor_belt_leftdown","SET","0.5","1","运输周期 0.5s","地块行为","conveyor_belt_leftdown","3","升华扩展 I","false"
"tile_up_conveyor_belt_leftdown_4","传送带·左下强化 4","[color=#67E9F8][b]传送带·左下[/b][/color][color=#67E9F8][b]行为强化[/b][/color]：[color=#86EFAC][b]运输周期 0.4s[/b][/color]。","金币","6250000","6.25M","6.25","6","4","11","tile_up_conveyor_belt_leftdown_3","","已解锁地块 传送带·左下","TILE_BEHAVIOR_UP","conveyor_belt_leftdown","SET","0.4","1","运输周期 0.4s","地块行为","conveyor_belt_leftdown","4","升华扩展 I","false"
"tile_up_conveyor_belt_leftdown_5","传送带·左下强化 5","[color=#67E9F8][b]传送带·左下[/b][/color][color=#67E9F8][b]行为强化[/b][/color]：[color=#86EFAC][b]运输周期 0.3s[/b][/color]。","金币","31250000","3.125M","3.125","7","5","11","tile_up_conveyor_belt_leftdown_4","","已解锁地块 传送带·左下","TILE_BEHAVIOR_UP","conveyor_belt_leftdown","SET","0.3","1","运输周期 0.3s","地块行为","conveyor_belt_leftdown","5","大数阶段","false"
"tile_up_conveyor_belt_leftup_1","传送带·左上强化 1","[color=#67E9F8][b]传送带·左上[/b][/color][color=#67E9F8][b]行为强化[/b][/color]：[color=#86EFAC][b]运输周期 0.8s[/b][/color]。","金币","50000","5K","5","4","1","12","unlock_tile_conveyor_belt_leftup","","已解锁地块 传送带·左上","TILE_BEHAVIOR_UP","conveyor_belt_leftup","SET","0.8","1","运输周期 0.8s","地块行为","conveyor_belt_leftup","1","本轮核心","false"
"tile_up_conveyor_belt_leftup_2","传送带·左上强化 2","[color=#67E9F8][b]传送带·左上[/b][/color][color=#67E9F8][b]行为强化[/b][/color]：[color=#86EFAC][b]运输周期 0.6s[/b][/color]。","金币","250000","2.5K","2.5","5","2","12","tile_up_conveyor_belt_leftup_1","","已解锁地块 传送带·左上","TILE_BEHAVIOR_UP","conveyor_belt_leftup","SET","0.6","1","运输周期 0.6s","地块行为","conveyor_belt_leftup","2","本轮核心","false"
"tile_up_conveyor_belt_leftup_3","传送带·左上强化 3","[color=#67E9F8][b]传送带·左上[/b][/color][color=#67E9F8][b]行为强化[/b][/color]：[color=#86EFAC][b]运输周期 0.5s[/b][/color]。","金币","1250000","1.25M","1.25","6","3","12","tile_up_conveyor_belt_leftup_2","","已解锁地块 传送带·左上","TILE_BEHAVIOR_UP","conveyor_belt_leftup","SET","0.5","1","运输周期 0.5s","地块行为","conveyor_belt_leftup","3","升华扩展 I","false"
"tile_up_conveyor_belt_leftup_4","传送带·左上强化 4","[color=#67E9F8][b]传送带·左上[/b][/color][color=#67E9F8][b]行为强化[/b][/color]：[color=#86EFAC][b]运输周期 0.4s[/b][/color]。","金币","6250000","6.25M","6.25","6","4","12","tile_up_conveyor_belt_leftup_3","","已解锁地块 传送带·左上","TILE_BEHAVIOR_UP","conveyor_belt_leftup","SET","0.4","1","运输周期 0.4s","地块行为","conveyor_belt_leftup","4","升华扩展 I","false"
"tile_up_conveyor_belt_leftup_5","传送带·左上强化 5","[color=#67E9F8][b]传送带·左上[/b][/color][color=#67E9F8][b]行为强化[/b][/color]：[color=#86EFAC][b]运输周期 0.3s[/b][/color]。","金币","31250000","3.125M","3.125","7","5","12","tile_up_conveyor_belt_leftup_4","","已解锁地块 传送带·左上","TILE_BEHAVIOR_UP","conveyor_belt_leftup","SET","0.3","1","运输周期 0.3s","地块行为","conveyor_belt_leftup","5","大数阶段","false"
"tile_up_conveyor_belt_rightdown_1","传送带·右下强化 1","[color=#67E9F8][b]传送带·右下[/b][/color][color=#67E9F8][b]行为强化[/b][/color]：[color=#86EFAC][b]运输周期 0.8s[/b][/color]。","金币","50000","5K","5","4","1","13","unlock_tile_conveyor_belt_rightdown","","已解锁地块 传送带·右下","TILE_BEHAVIOR_UP","conveyor_belt_rightdown","SET","0.8","1","运输周期 0.8s","地块行为","conveyor_belt_rightdown","1","本轮核心","false"
"tile_up_conveyor_belt_rightdown_2","传送带·右下强化 2","[color=#67E9F8][b]传送带·右下[/b][/color][color=#67E9F8][b]行为强化[/b][/color]：[color=#86EFAC][b]运输周期 0.6s[/b][/color]。","金币","250000","2.5K","2.5","5","2","13","tile_up_conveyor_belt_rightdown_1","","已解锁地块 传送带·右下","TILE_BEHAVIOR_UP","conveyor_belt_rightdown","SET","0.6","1","运输周期 0.6s","地块行为","conveyor_belt_rightdown","2","本轮核心","false"
"tile_up_conveyor_belt_rightdown_3","传送带·右下强化 3","[color=#67E9F8][b]传送带·右下[/b][/color][color=#67E9F8][b]行为强化[/b][/color]：[color=#86EFAC][b]运输周期 0.5s[/b][/color]。","金币","1250000","1.25M","1.25","6","3","13","tile_up_conveyor_belt_rightdown_2","","已解锁地块 传送带·右下","TILE_BEHAVIOR_UP","conveyor_belt_rightdown","SET","0.5","1","运输周期 0.5s","地块行为","conveyor_belt_rightdown","3","升华扩展 I","false"
"tile_up_conveyor_belt_rightdown_4","传送带·右下强化 4","[color=#67E9F8][b]传送带·右下[/b][/color][color=#67E9F8][b]行为强化[/b][/color]：[color=#86EFAC][b]运输周期 0.4s[/b][/color]。","金币","6250000","6.25M","6.25","6","4","13","tile_up_conveyor_belt_rightdown_3","","已解锁地块 传送带·右下","TILE_BEHAVIOR_UP","conveyor_belt_rightdown","SET","0.4","1","运输周期 0.4s","地块行为","conveyor_belt_rightdown","4","升华扩展 I","false"
"tile_up_conveyor_belt_rightdown_5","传送带·右下强化 5","[color=#67E9F8][b]传送带·右下[/b][/color][color=#67E9F8][b]行为强化[/b][/color]：[color=#86EFAC][b]运输周期 0.3s[/b][/color]。","金币","31250000","3.125M","3.125","7","5","13","tile_up_conveyor_belt_rightdown_4","","已解锁地块 传送带·右下","TILE_BEHAVIOR_UP","conveyor_belt_rightdown","SET","0.3","1","运输周期 0.3s","地块行为","conveyor_belt_rightdown","5","大数阶段","false"
"tile_up_conveyor_belt_rightup_1","传送带·右上强化 1","[color=#67E9F8][b]传送带·右上[/b][/color][color=#67E9F8][b]行为强化[/b][/color]：[color=#86EFAC][b]运输周期 0.8s[/b][/color]。","金币","50000","5K","5","4","1","14","unlock_tile_conveyor_belt_rightup","","已解锁地块 传送带·右上","TILE_BEHAVIOR_UP","conveyor_belt_rightup","SET","0.8","1","运输周期 0.8s","地块行为","conveyor_belt_rightup","1","本轮核心","false"
"tile_up_conveyor_belt_rightup_2","传送带·右上强化 2","[color=#67E9F8][b]传送带·右上[/b][/color][color=#67E9F8][b]行为强化[/b][/color]：[color=#86EFAC][b]运输周期 0.6s[/b][/color]。","金币","250000","2.5K","2.5","5","2","14","tile_up_conveyor_belt_rightup_1","","已解锁地块 传送带·右上","TILE_BEHAVIOR_UP","conveyor_belt_rightup","SET","0.6","1","运输周期 0.6s","地块行为","conveyor_belt_rightup","2","本轮核心","false"
"tile_up_conveyor_belt_rightup_3","传送带·右上强化 3","[color=#67E9F8][b]传送带·右上[/b][/color][color=#67E9F8][b]行为强化[/b][/color]：[color=#86EFAC][b]运输周期 0.5s[/b][/color]。","金币","1250000","1.25M","1.25","6","3","14","tile_up_conveyor_belt_rightup_2","","已解锁地块 传送带·右上","TILE_BEHAVIOR_UP","conveyor_belt_rightup","SET","0.5","1","运输周期 0.5s","地块行为","conveyor_belt_rightup","3","升华扩展 I","false"
"tile_up_conveyor_belt_rightup_4","传送带·右上强化 4","[color=#67E9F8][b]传送带·右上[/b][/color][color=#67E9F8][b]行为强化[/b][/color]：[color=#86EFAC][b]运输周期 0.4s[/b][/color]。","金币","6250000","6.25M","6.25","6","4","14","tile_up_conveyor_belt_rightup_3","","已解锁地块 传送带·右上","TILE_BEHAVIOR_UP","conveyor_belt_rightup","SET","0.4","1","运输周期 0.4s","地块行为","conveyor_belt_rightup","4","升华扩展 I","false"
"tile_up_conveyor_belt_rightup_5","传送带·右上强化 5","[color=#67E9F8][b]传送带·右上[/b][/color][color=#67E9F8][b]行为强化[/b][/color]：[color=#86EFAC][b]运输周期 0.3s[/b][/color]。","金币","31250000","3.125M","3.125","7","5","14","tile_up_conveyor_belt_rightup_4","","已解锁地块 传送带·右上","TILE_BEHAVIOR_UP","conveyor_belt_rightup","SET","0.3","1","运输周期 0.3s","地块行为","conveyor_belt_rightup","5","大数阶段","false"
"tile_up_tnt_spawn_1","TNT 生成器强化 1","[color=#67E9F8][b]TNT 生成器[/b][/color][color=#67E9F8][b]行为强化[/b][/color]：[color=#86EFAC][b]生成周期 2.5s[/b][/color]。","金币","200000","2K","2","5","1","15","unlock_tile_tnt_spawn","","已解锁地块 TNT 生成器","TILE_BEHAVIOR_UP","tnt_spawn","SET","2.5","1","生成周期 2.5s","地块行为","tnt_spawn","1","本轮核心","false"
"tile_up_tnt_spawn_2","TNT 生成器强化 2","[color=#67E9F8][b]TNT 生成器[/b][/color][color=#67E9F8][b]行为强化[/b][/color]：[color=#86EFAC][b]生成周期 2.0s[/b][/color]。","金币","1000000","1M","1","6","2","15","tile_up_tnt_spawn_1","","已解锁地块 TNT 生成器","TILE_BEHAVIOR_UP","tnt_spawn","SET","2.0","1","生成周期 2.0s","地块行为","tnt_spawn","2","本轮核心","false"
"tile_up_tnt_spawn_3","TNT 生成器强化 3","[color=#67E9F8][b]TNT 生成器[/b][/color][color=#67E9F8][b]行为强化[/b][/color]：[color=#86EFAC][b]生成周期 1.5s[/b][/color]。","金币","5000000","5M","5","6","3","15","tile_up_tnt_spawn_2","","已解锁地块 TNT 生成器","TILE_BEHAVIOR_UP","tnt_spawn","SET","1.5","1","生成周期 1.5s","地块行为","tnt_spawn","3","升华扩展 I","false"
"tile_up_tnt_spawn_4","TNT 生成器强化 4","[color=#67E9F8][b]TNT 生成器[/b][/color][color=#67E9F8][b]行为强化[/b][/color]：[color=#86EFAC][b]生成周期 1.2s[/b][/color]。","金币","25000000","2.5M","2.5","7","4","15","tile_up_tnt_spawn_3","","已解锁地块 TNT 生成器","TILE_BEHAVIOR_UP","tnt_spawn","SET","1.2","1","生成周期 1.2s","地块行为","tnt_spawn","4","升华扩展 I","false"
"tile_up_tnt_spawn_5","TNT 生成器强化 5","[color=#67E9F8][b]TNT 生成器[/b][/color][color=#67E9F8][b]行为强化[/b][/color]：[color=#86EFAC][b]生成周期 1.0s[/b][/color]。","金币","125000000","1.25M","1.25","8","5","15","tile_up_tnt_spawn_4","","已解锁地块 TNT 生成器","TILE_BEHAVIOR_UP","tnt_spawn","SET","1.0","1","生成周期 1.0s","地块行为","tnt_spawn","5","大数阶段","false"
"tile_up_tnt_1","TNT强化 1","[color=#67E9F8][b]TNT[/b][/color][color=#67E9F8][b]行为强化[/b][/color]：[color=#86EFAC][b]引爆时间 4.5s[/b][/color]。","金币","50000","5K","5","4","1","16","unlock_tile_tnt","","已解锁地块 TNT","TILE_BEHAVIOR_UP","tnt","SET","4.5","1","引爆时间 4.5s","地块行为","tnt","1","本轮核心","false"
"tile_up_tnt_2","TNT强化 2","[color=#67E9F8][b]TNT[/b][/color][color=#67E9F8][b]行为强化[/b][/color]：[color=#86EFAC][b]引爆时间 4.0s[/b][/color]。","金币","250000","2.5K","2.5","5","2","16","tile_up_tnt_1","","已解锁地块 TNT","TILE_BEHAVIOR_UP","tnt","SET","4.0","1","引爆时间 4.0s","地块行为","tnt","2","本轮核心","false"
"tile_up_tnt_3","TNT强化 3","[color=#67E9F8][b]TNT[/b][/color][color=#67E9F8][b]行为强化[/b][/color]：[color=#86EFAC][b]引爆时间 3.5s[/b][/color]。","金币","1250000","1.25M","1.25","6","3","16","tile_up_tnt_2","","已解锁地块 TNT","TILE_BEHAVIOR_UP","tnt","SET","3.5","1","引爆时间 3.5s","地块行为","tnt","3","升华扩展 I","false"
"tile_up_tnt_4","TNT强化 4","[color=#67E9F8][b]TNT[/b][/color][color=#67E9F8][b]行为强化[/b][/color]：[color=#86EFAC][b]引爆时间 3.0s[/b][/color]。","金币","6250000","6.25M","6.25","6","4","16","tile_up_tnt_3","","已解锁地块 TNT","TILE_BEHAVIOR_UP","tnt","SET","3.0","1","引爆时间 3.0s","地块行为","tnt","4","升华扩展 I","false"
"tile_up_tnt_5","TNT强化 5","[color=#67E9F8][b]TNT[/b][/color][color=#67E9F8][b]行为强化[/b][/color]：[color=#86EFAC][b]引爆时间 2.5s[/b][/color]。","金币","31250000","3.125M","3.125","7","5","16","tile_up_tnt_4","","已解锁地块 TNT","TILE_BEHAVIOR_UP","tnt","SET","2.5","1","引爆时间 2.5s","地块行为","tnt","5","大数阶段","false"
"terrain_dirt_1","泥土协同 Ⅰ","煤矿每[color=#86EFAC][b]10块[/b][/color]已放置的[color=#67E9F8][b]泥土[/b][/color]，结算价值 [color=#86EFAC][b]+10%[/b][/color]（最多 [color=#86EFAC][b]10组[/b][/color]）。","金币","10","10","1","1","-1","1","unlock_tile_dirt,unlock_coal","","placed_dirt ≥ 10","TERRAIN_ORE_SYNERGY","coal","SET_RATE_PER_10","0.1","1","煤矿每10块泥土 +10%，最多计算10组。","地块协同","dirt","1","本轮核心","false"
"terrain_dirt_2","泥土协同 Ⅱ","煤矿每[color=#86EFAC][b]10块[/b][/color]已放置的[color=#67E9F8][b]泥土[/b][/color]，结算价值 [color=#86EFAC][b]+15%[/b][/color]（最多 [color=#86EFAC][b]10组[/b][/color]）。","金币","500","500","5","2","-2","1","terrain_dirt_1","","placed_dirt ≥ 50","TERRAIN_ORE_SYNERGY","coal","SET_RATE_PER_10","0.15","1","煤矿每10块泥土 +15%，最多计算10组。","地块协同","dirt","2","升华扩展 I","false"
"terrain_dirt_3","泥土协同 Ⅲ","煤矿每[color=#86EFAC][b]10块[/b][/color]已放置的[color=#67E9F8][b]泥土[/b][/color]，结算价值 [color=#86EFAC][b]+20%[/b][/color]（最多 [color=#86EFAC][b]10组[/b][/color]）。","金币","10000","1K","1","4","-3","1","terrain_dirt_2","","placed_dirt ≥ 100","TERRAIN_ORE_SYNERGY","coal","SET_RATE_PER_10","0.2","1","煤矿每10块泥土 +20%，最多计算10组。","地块协同","dirt","3","大数阶段","false"
"terrain_grass_1","草地协同 Ⅰ","金矿每[color=#86EFAC][b]10块[/b][/color]已放置的[color=#67E9F8][b]草地[/b][/color]，结算价值 [color=#86EFAC][b]+10%[/b][/color]（最多 [color=#86EFAC][b]10组[/b][/color]）。","金币","500","500","5","2","-1","2","unlock_tile_grass,unlock_gold","","placed_grass ≥ 10","TERRAIN_ORE_SYNERGY","gold","SET_RATE_PER_10","0.1","1","金矿每10块草地 +10%，最多计算10组。","地块协同","grass","1","本轮核心","false"
"terrain_grass_2","草地协同 Ⅱ","金矿每[color=#86EFAC][b]10块[/b][/color]已放置的[color=#67E9F8][b]草地[/b][/color]，结算价值 [color=#86EFAC][b]+15%[/b][/color]（最多 [color=#86EFAC][b]10组[/b][/color]）。","金币","10000","1K","1","4","-2","2","terrain_grass_1","","placed_grass ≥ 50","TERRAIN_ORE_SYNERGY","gold","SET_RATE_PER_10","0.15","1","金矿每10块草地 +15%，最多计算10组。","地块协同","grass","2","升华扩展 I","false"
"terrain_grass_3","草地协同 Ⅲ","金矿每[color=#86EFAC][b]10块[/b][/color]已放置的[color=#67E9F8][b]草地[/b][/color]，结算价值 [color=#86EFAC][b]+20%[/b][/color]（最多 [color=#86EFAC][b]10组[/b][/color]）。","金币","200000","2K","2","5","-3","2","terrain_grass_2","","placed_grass ≥ 100","TERRAIN_ORE_SYNERGY","gold","SET_RATE_PER_10","0.2","1","金矿每10块草地 +20%，最多计算10组。","地块协同","grass","3","大数阶段","false"
"terrain_stone_1","石头协同 Ⅰ","铁矿每[color=#86EFAC][b]10块[/b][/color]已放置的[color=#67E9F8][b]石头[/b][/color]，结算价值 [color=#86EFAC][b]+10%[/b][/color]（最多 [color=#86EFAC][b]10组[/b][/color]）。","金币","50","50","5","1","-1","3","unlock_tile_stone,unlock_iron","","placed_stone ≥ 10","TERRAIN_ORE_SYNERGY","iron","SET_RATE_PER_10","0.1","1","铁矿每10块石头 +10%，最多计算10组。","地块协同","stone","1","本轮核心","false"
"terrain_stone_2","石头协同 Ⅱ","铁矿每[color=#86EFAC][b]10块[/b][/color]已放置的[color=#67E9F8][b]石头[/b][/color]，结算价值 [color=#86EFAC][b]+15%[/b][/color]（最多 [color=#86EFAC][b]10组[/b][/color]）。","金币","1000","1K","1","3","-2","3","terrain_stone_1","","placed_stone ≥ 50","TERRAIN_ORE_SYNERGY","iron","SET_RATE_PER_10","0.15","1","铁矿每10块石头 +15%，最多计算10组。","地块协同","stone","2","升华扩展 I","false"
"terrain_stone_3","石头协同 Ⅲ","铁矿每[color=#86EFAC][b]10块[/b][/color]已放置的[color=#67E9F8][b]石头[/b][/color]，结算价值 [color=#86EFAC][b]+20%[/b][/color]（最多 [color=#86EFAC][b]10组[/b][/color]）。","金币","20000","2K","2","4","-3","3","terrain_stone_2","","placed_stone ≥ 100","TERRAIN_ORE_SYNERGY","iron","SET_RATE_PER_10","0.2","1","铁矿每10块石头 +20%，最多计算10组。","地块协同","stone","3","大数阶段","false"
"terrain_water_1","水域协同 Ⅰ","锌矿每[color=#86EFAC][b]10块[/b][/color]已放置的[color=#67E9F8][b]水域[/b][/color]，结算价值 [color=#86EFAC][b]+10%[/b][/color]（最多 [color=#86EFAC][b]10组[/b][/color]）。","金币","250","250","2.5","2","-1","4","unlock_tile_water,unlock_zinc","","placed_water ≥ 10","TERRAIN_ORE_SYNERGY","zinc","SET_RATE_PER_10","0.1","1","锌矿每10块水域 +10%，最多计算10组。","地块协同","water","1","本轮核心","false"
"terrain_water_2","水域协同 Ⅱ","锌矿每[color=#86EFAC][b]10块[/b][/color]已放置的[color=#67E9F8][b]水域[/b][/color]，结算价值 [color=#86EFAC][b]+15%[/b][/color]（最多 [color=#86EFAC][b]10组[/b][/color]）。","金币","5000","5K","5","3","-2","4","terrain_water_1","","placed_water ≥ 50","TERRAIN_ORE_SYNERGY","zinc","SET_RATE_PER_10","0.15","1","锌矿每10块水域 +15%，最多计算10组。","地块协同","water","2","升华扩展 I","false"
"terrain_water_3","水域协同 Ⅲ","锌矿每[color=#86EFAC][b]10块[/b][/color]已放置的[color=#67E9F8][b]水域[/b][/color]，结算价值 [color=#86EFAC][b]+20%[/b][/color]（最多 [color=#86EFAC][b]10组[/b][/color]）。","金币","100000","1K","1","5","-3","4","terrain_water_2","","placed_water ≥ 100","TERRAIN_ORE_SYNERGY","zinc","SET_RATE_PER_10","0.2","1","锌矿每10块水域 +20%，最多计算10组。","地块协同","water","3","大数阶段","false"
"terrain_fire_1","熔岩协同 Ⅰ","全部矿物每[color=#86EFAC][b]10块[/b][/color]已放置的[color=#67E9F8][b]熔岩[/b][/color]，结算价值 [color=#86EFAC][b]+10%[/b][/color]（最多 [color=#86EFAC][b]10组[/b][/color]）。","金币","2500","2.5K","2.5","3","-1","5","unlock_tile_fire,unlock_dirt","","placed_fire ≥ 10","TERRAIN_ORE_SYNERGY","dirt,coal,iron,zinc,gold,crystal,obsidian,diamond,cat","SET_RATE_PER_10","0.1","1","全部矿物每10块熔岩 +10%，最多计算10组。","地块协同","fire","1","本轮核心","false"
"terrain_fire_2","熔岩协同 Ⅱ","全部矿物每[color=#86EFAC][b]10块[/b][/color]已放置的[color=#67E9F8][b]熔岩[/b][/color]，结算价值 [color=#86EFAC][b]+15%[/b][/color]（最多 [color=#86EFAC][b]10组[/b][/color]）。","金币","50000","5K","5","4","-2","5","terrain_fire_1","","placed_fire ≥ 50","TERRAIN_ORE_SYNERGY","dirt,coal,iron,zinc,gold,crystal,obsidian,diamond,cat","SET_RATE_PER_10","0.15","1","全部矿物每10块熔岩 +15%，最多计算10组。","地块协同","fire","2","升华扩展 I","false"
"terrain_fire_3","熔岩协同 Ⅲ","全部矿物每[color=#86EFAC][b]10块[/b][/color]已放置的[color=#67E9F8][b]熔岩[/b][/color]，结算价值 [color=#86EFAC][b]+20%[/b][/color]（最多 [color=#86EFAC][b]10组[/b][/color]）。","金币","1000000","1M","1","6","-3","5","terrain_fire_2","","placed_fire ≥ 100","TERRAIN_ORE_SYNERGY","dirt,coal,iron,zinc,gold,crystal,obsidian,diamond,cat","SET_RATE_PER_10","0.2","1","全部矿物每10块熔岩 +20%，最多计算10组。","地块协同","fire","3","大数阶段","false"
"terrain_push_1","传送带协同 Ⅰ","煤矿、铁矿、锌矿、金矿每[color=#86EFAC][b]10块[/b][/color]已放置的[color=#67E9F8][b]传送带[/b][/color]，结算价值 [color=#86EFAC][b]+10%[/b][/color]（最多 [color=#86EFAC][b]10组[/b][/color]）。","金币","1000","1K","1","3","-1","6","unlock_tile_push,unlock_coal","","placed_push ≥ 10","TERRAIN_ORE_SYNERGY","coal,iron,zinc,gold","SET_RATE_PER_10","0.1","1","煤矿、铁矿、锌矿、金矿每10块传送带 +10%，最多计算10组。","地块协同","push","1","本轮核心","false"
"terrain_push_2","传送带协同 Ⅱ","煤矿、铁矿、锌矿、金矿每[color=#86EFAC][b]10块[/b][/color]已放置的[color=#67E9F8][b]传送带[/b][/color]，结算价值 [color=#86EFAC][b]+15%[/b][/color]（最多 [color=#86EFAC][b]10组[/b][/color]）。","金币","20000","2K","2","4","-2","6","terrain_push_1","","placed_push ≥ 50","TERRAIN_ORE_SYNERGY","coal,iron,zinc,gold","SET_RATE_PER_10","0.15","1","煤矿、铁矿、锌矿、金矿每10块传送带 +15%，最多计算10组。","地块协同","push","2","升华扩展 I","false"
"terrain_push_3","传送带协同 Ⅲ","煤矿、铁矿、锌矿、金矿每[color=#86EFAC][b]10块[/b][/color]已放置的[color=#67E9F8][b]传送带[/b][/color]，结算价值 [color=#86EFAC][b]+20%[/b][/color]（最多 [color=#86EFAC][b]10组[/b][/color]）。","金币","400000","4K","4","5","-3","6","terrain_push_2","","placed_push ≥ 100","TERRAIN_ORE_SYNERGY","coal,iron,zinc,gold","SET_RATE_PER_10","0.2","1","煤矿、铁矿、锌矿、金矿每10块传送带 +20%，最多计算10组。","地块协同","push","3","大数阶段","false"
"terrain_pull_1","磁吸协同 Ⅰ","水晶矿、黑曜石、钻石矿、猫矿每[color=#86EFAC][b]10块[/b][/color]已放置的[color=#67E9F8][b]磁吸[/b][/color]，结算价值 [color=#86EFAC][b]+10%[/b][/color]（最多 [color=#86EFAC][b]10组[/b][/color]）。","金币","3000","3K","3","3","-1","7","unlock_tile_pull,unlock_crystal","","placed_pull ≥ 10","TERRAIN_ORE_SYNERGY","crystal,obsidian,diamond,cat","SET_RATE_PER_10","0.1","1","水晶矿、黑曜石、钻石矿、猫矿每10块磁吸 +10%，最多计算10组。","地块协同","pull","1","本轮核心","false"
"terrain_pull_2","磁吸协同 Ⅱ","水晶矿、黑曜石、钻石矿、猫矿每[color=#86EFAC][b]10块[/b][/color]已放置的[color=#67E9F8][b]磁吸[/b][/color]，结算价值 [color=#86EFAC][b]+15%[/b][/color]（最多 [color=#86EFAC][b]10组[/b][/color]）。","金币","60000","6K","6","4","-2","7","terrain_pull_1","","placed_pull ≥ 50","TERRAIN_ORE_SYNERGY","crystal,obsidian,diamond,cat","SET_RATE_PER_10","0.15","1","水晶矿、黑曜石、钻石矿、猫矿每10块磁吸 +15%，最多计算10组。","地块协同","pull","2","升华扩展 I","false"
"terrain_pull_3","磁吸协同 Ⅲ","水晶矿、黑曜石、钻石矿、猫矿每[color=#86EFAC][b]10块[/b][/color]已放置的[color=#67E9F8][b]磁吸[/b][/color]，结算价值 [color=#86EFAC][b]+20%[/b][/color]（最多 [color=#86EFAC][b]10组[/b][/color]）。","金币","1200000","1.2M","1.2","6","-3","7","terrain_pull_2","","placed_pull ≥ 100","TERRAIN_ORE_SYNERGY","crystal,obsidian,diamond,cat","SET_RATE_PER_10","0.2","1","水晶矿、黑曜石、钻石矿、猫矿每10块磁吸 +20%，最多计算10组。","地块协同","pull","3","大数阶段","false"
"terrain_upgrade_1","升级台协同 Ⅰ","猫矿每[color=#86EFAC][b]10块[/b][/color]已放置的[color=#67E9F8][b]升级台[/b][/color]，结算价值 [color=#86EFAC][b]+10%[/b][/color]（最多 [color=#86EFAC][b]10组[/b][/color]）。","金币","20000","2K","2","4","-1","8","unlock_tile_upgrade,unlock_cat","","placed_upgrade ≥ 10","TERRAIN_ORE_SYNERGY","cat","SET_RATE_PER_10","0.1","1","猫矿每10块升级台 +10%，最多计算10组。","地块协同","upgrade","1","本轮核心","false"
"terrain_upgrade_2","升级台协同 Ⅱ","猫矿每[color=#86EFAC][b]10块[/b][/color]已放置的[color=#67E9F8][b]升级台[/b][/color]，结算价值 [color=#86EFAC][b]+15%[/b][/color]（最多 [color=#86EFAC][b]10组[/b][/color]）。","金币","400000","4K","4","5","-2","8","terrain_upgrade_1","","placed_upgrade ≥ 50","TERRAIN_ORE_SYNERGY","cat","SET_RATE_PER_10","0.15","1","猫矿每10块升级台 +15%，最多计算10组。","地块协同","upgrade","2","升华扩展 I","false"
"terrain_upgrade_3","升级台协同 Ⅲ","猫矿每[color=#86EFAC][b]10块[/b][/color]已放置的[color=#67E9F8][b]升级台[/b][/color]，结算价值 [color=#86EFAC][b]+20%[/b][/color]（最多 [color=#86EFAC][b]10组[/b][/color]）。","金币","8000000","8M","8","6","-3","8","terrain_upgrade_2","","placed_upgrade ≥ 100","TERRAIN_ORE_SYNERGY","cat","SET_RATE_PER_10","0.2","1","猫矿每10块升级台 +20%，最多计算10组。","地块协同","upgrade","3","大数阶段","false"
"terrain_rarity_1","稀有矿脉协同 Ⅰ","钻石矿每[color=#86EFAC][b]10块[/b][/color]已放置的[color=#67E9F8][b]稀有矿脉[/b][/color]，结算价值 [color=#86EFAC][b]+10%[/b][/color]（最多 [color=#86EFAC][b]10组[/b][/color]）。","金币","60000","6K","6","4","-1","9","unlock_tile_rarity,unlock_diamond","","placed_rarity ≥ 10","TERRAIN_ORE_SYNERGY","diamond","SET_RATE_PER_10","0.1","1","钻石矿每10块稀有矿脉 +10%，最多计算10组。","地块协同","rarity","1","本轮核心","false"
"terrain_rarity_2","稀有矿脉协同 Ⅱ","钻石矿每[color=#86EFAC][b]10块[/b][/color]已放置的[color=#67E9F8][b]稀有矿脉[/b][/color]，结算价值 [color=#86EFAC][b]+15%[/b][/color]（最多 [color=#86EFAC][b]10组[/b][/color]）。","金币","1200000","1.2M","1.2","6","-2","9","terrain_rarity_1","","placed_rarity ≥ 50","TERRAIN_ORE_SYNERGY","diamond","SET_RATE_PER_10","0.15","1","钻石矿每10块稀有矿脉 +15%，最多计算10组。","地块协同","rarity","2","升华扩展 I","false"
"terrain_rarity_3","稀有矿脉协同 Ⅲ","钻石矿每[color=#86EFAC][b]10块[/b][/color]已放置的[color=#67E9F8][b]稀有矿脉[/b][/color]，结算价值 [color=#86EFAC][b]+20%[/b][/color]（最多 [color=#86EFAC][b]10组[/b][/color]）。","金币","24000000","2.4M","2.4","7","-3","9","terrain_rarity_2","","placed_rarity ≥ 100","TERRAIN_ORE_SYNERGY","diamond","SET_RATE_PER_10","0.2","1","钻石矿每10块稀有矿脉 +20%，最多计算10组。","地块协同","rarity","3","大数阶段","false"
"terrain_spawn_1","水晶矿脉协同 Ⅰ","水晶矿每[color=#86EFAC][b]10块[/b][/color]已放置的[color=#67E9F8][b]水晶矿脉[/b][/color]，结算价值 [color=#86EFAC][b]+10%[/b][/color]（最多 [color=#86EFAC][b]10组[/b][/color]）。","金币","200000","2K","2","5","-1","10","unlock_tile_spawn,unlock_crystal","","placed_spawn ≥ 10","TERRAIN_ORE_SYNERGY","crystal","SET_RATE_PER_10","0.1","1","水晶矿每10块水晶矿脉 +10%，最多计算10组。","地块协同","spawn","1","本轮核心","false"
"terrain_spawn_2","水晶矿脉协同 Ⅱ","水晶矿每[color=#86EFAC][b]10块[/b][/color]已放置的[color=#67E9F8][b]水晶矿脉[/b][/color]，结算价值 [color=#86EFAC][b]+15%[/b][/color]（最多 [color=#86EFAC][b]10组[/b][/color]）。","金币","4000000","4M","4","6","-2","10","terrain_spawn_1","","placed_spawn ≥ 50","TERRAIN_ORE_SYNERGY","crystal","SET_RATE_PER_10","0.15","1","水晶矿每10块水晶矿脉 +15%，最多计算10组。","地块协同","spawn","2","升华扩展 I","false"
"terrain_spawn_3","水晶矿脉协同 Ⅲ","水晶矿每[color=#86EFAC][b]10块[/b][/color]已放置的[color=#67E9F8][b]水晶矿脉[/b][/color]，结算价值 [color=#86EFAC][b]+20%[/b][/color]（最多 [color=#86EFAC][b]10组[/b][/color]）。","金币","80000000","8M","8","7","-3","10","terrain_spawn_2","","placed_spawn ≥ 100","TERRAIN_ORE_SYNERGY","crystal","SET_RATE_PER_10","0.2","1","水晶矿每10块水晶矿脉 +20%，最多计算10组。","地块协同","spawn","3","大数阶段","false"
"terrain_conveyor_belt_leftdown_1","传送带·左下协同 Ⅰ","煤矿、铁矿每[color=#86EFAC][b]10块[/b][/color]已放置的[color=#67E9F8][b]传送带·左下[/b][/color]，结算价值 [color=#86EFAC][b]+10%[/b][/color]（最多 [color=#86EFAC][b]10组[/b][/color]）。","金币","1000","1K","1","3","-1","11","unlock_tile_conveyor_belt_leftdown,unlock_coal","","placed_conveyor_belt_leftdown ≥ 10","TERRAIN_ORE_SYNERGY","coal,iron","SET_RATE_PER_10","0.1","1","煤矿、铁矿每10块传送带·左下 +10%，最多计算10组。","地块协同","conveyor_belt_leftdown","1","本轮核心","false"
"terrain_conveyor_belt_leftdown_2","传送带·左下协同 Ⅱ","煤矿、铁矿每[color=#86EFAC][b]10块[/b][/color]已放置的[color=#67E9F8][b]传送带·左下[/b][/color]，结算价值 [color=#86EFAC][b]+15%[/b][/color]（最多 [color=#86EFAC][b]10组[/b][/color]）。","金币","20000","2K","2","4","-2","11","terrain_conveyor_belt_leftdown_1","","placed_conveyor_belt_leftdown ≥ 50","TERRAIN_ORE_SYNERGY","coal,iron","SET_RATE_PER_10","0.15","1","煤矿、铁矿每10块传送带·左下 +15%，最多计算10组。","地块协同","conveyor_belt_leftdown","2","升华扩展 I","false"
"terrain_conveyor_belt_leftdown_3","传送带·左下协同 Ⅲ","煤矿、铁矿每[color=#86EFAC][b]10块[/b][/color]已放置的[color=#67E9F8][b]传送带·左下[/b][/color]，结算价值 [color=#86EFAC][b]+20%[/b][/color]（最多 [color=#86EFAC][b]10组[/b][/color]）。","金币","400000","4K","4","5","-3","11","terrain_conveyor_belt_leftdown_2","","placed_conveyor_belt_leftdown ≥ 100","TERRAIN_ORE_SYNERGY","coal,iron","SET_RATE_PER_10","0.2","1","煤矿、铁矿每10块传送带·左下 +20%，最多计算10组。","地块协同","conveyor_belt_leftdown","3","大数阶段","false"
"terrain_conveyor_belt_leftup_1","传送带·左上协同 Ⅰ","煤矿、铁矿每[color=#86EFAC][b]10块[/b][/color]已放置的[color=#67E9F8][b]传送带·左上[/b][/color]，结算价值 [color=#86EFAC][b]+10%[/b][/color]（最多 [color=#86EFAC][b]10组[/b][/color]）。","金币","1000","1K","1","3","-1","12","unlock_tile_conveyor_belt_leftup,unlock_coal","","placed_conveyor_belt_leftup ≥ 10","TERRAIN_ORE_SYNERGY","coal,iron","SET_RATE_PER_10","0.1","1","煤矿、铁矿每10块传送带·左上 +10%，最多计算10组。","地块协同","conveyor_belt_leftup","1","本轮核心","false"
"terrain_conveyor_belt_leftup_2","传送带·左上协同 Ⅱ","煤矿、铁矿每[color=#86EFAC][b]10块[/b][/color]已放置的[color=#67E9F8][b]传送带·左上[/b][/color]，结算价值 [color=#86EFAC][b]+15%[/b][/color]（最多 [color=#86EFAC][b]10组[/b][/color]）。","金币","20000","2K","2","4","-2","12","terrain_conveyor_belt_leftup_1","","placed_conveyor_belt_leftup ≥ 50","TERRAIN_ORE_SYNERGY","coal,iron","SET_RATE_PER_10","0.15","1","煤矿、铁矿每10块传送带·左上 +15%，最多计算10组。","地块协同","conveyor_belt_leftup","2","升华扩展 I","false"
"terrain_conveyor_belt_leftup_3","传送带·左上协同 Ⅲ","煤矿、铁矿每[color=#86EFAC][b]10块[/b][/color]已放置的[color=#67E9F8][b]传送带·左上[/b][/color]，结算价值 [color=#86EFAC][b]+20%[/b][/color]（最多 [color=#86EFAC][b]10组[/b][/color]）。","金币","400000","4K","4","5","-3","12","terrain_conveyor_belt_leftup_2","","placed_conveyor_belt_leftup ≥ 100","TERRAIN_ORE_SYNERGY","coal,iron","SET_RATE_PER_10","0.2","1","煤矿、铁矿每10块传送带·左上 +20%，最多计算10组。","地块协同","conveyor_belt_leftup","3","大数阶段","false"
"terrain_conveyor_belt_rightdown_1","传送带·右下协同 Ⅰ","煤矿、铁矿每[color=#86EFAC][b]10块[/b][/color]已放置的[color=#67E9F8][b]传送带·右下[/b][/color]，结算价值 [color=#86EFAC][b]+10%[/b][/color]（最多 [color=#86EFAC][b]10组[/b][/color]）。","金币","1000","1K","1","3","-1","13","unlock_tile_conveyor_belt_rightdown,unlock_coal","","placed_conveyor_belt_rightdown ≥ 10","TERRAIN_ORE_SYNERGY","coal,iron","SET_RATE_PER_10","0.1","1","煤矿、铁矿每10块传送带·右下 +10%，最多计算10组。","地块协同","conveyor_belt_rightdown","1","本轮核心","false"
"terrain_conveyor_belt_rightdown_2","传送带·右下协同 Ⅱ","煤矿、铁矿每[color=#86EFAC][b]10块[/b][/color]已放置的[color=#67E9F8][b]传送带·右下[/b][/color]，结算价值 [color=#86EFAC][b]+15%[/b][/color]（最多 [color=#86EFAC][b]10组[/b][/color]）。","金币","20000","2K","2","4","-2","13","terrain_conveyor_belt_rightdown_1","","placed_conveyor_belt_rightdown ≥ 50","TERRAIN_ORE_SYNERGY","coal,iron","SET_RATE_PER_10","0.15","1","煤矿、铁矿每10块传送带·右下 +15%，最多计算10组。","地块协同","conveyor_belt_rightdown","2","升华扩展 I","false"
"terrain_conveyor_belt_rightdown_3","传送带·右下协同 Ⅲ","煤矿、铁矿每[color=#86EFAC][b]10块[/b][/color]已放置的[color=#67E9F8][b]传送带·右下[/b][/color]，结算价值 [color=#86EFAC][b]+20%[/b][/color]（最多 [color=#86EFAC][b]10组[/b][/color]）。","金币","400000","4K","4","5","-3","13","terrain_conveyor_belt_rightdown_2","","placed_conveyor_belt_rightdown ≥ 100","TERRAIN_ORE_SYNERGY","coal,iron","SET_RATE_PER_10","0.2","1","煤矿、铁矿每10块传送带·右下 +20%，最多计算10组。","地块协同","conveyor_belt_rightdown","3","大数阶段","false"
"terrain_conveyor_belt_rightup_1","传送带·右上协同 Ⅰ","煤矿、铁矿每[color=#86EFAC][b]10块[/b][/color]已放置的[color=#67E9F8][b]传送带·右上[/b][/color]，结算价值 [color=#86EFAC][b]+10%[/b][/color]（最多 [color=#86EFAC][b]10组[/b][/color]）。","金币","1000","1K","1","3","-1","14","unlock_tile_conveyor_belt_rightup,unlock_coal","","placed_conveyor_belt_rightup ≥ 10","TERRAIN_ORE_SYNERGY","coal,iron","SET_RATE_PER_10","0.1","1","煤矿、铁矿每10块传送带·右上 +10%，最多计算10组。","地块协同","conveyor_belt_rightup","1","本轮核心","false"
"terrain_conveyor_belt_rightup_2","传送带·右上协同 Ⅱ","煤矿、铁矿每[color=#86EFAC][b]10块[/b][/color]已放置的[color=#67E9F8][b]传送带·右上[/b][/color]，结算价值 [color=#86EFAC][b]+15%[/b][/color]（最多 [color=#86EFAC][b]10组[/b][/color]）。","金币","20000","2K","2","4","-2","14","terrain_conveyor_belt_rightup_1","","placed_conveyor_belt_rightup ≥ 50","TERRAIN_ORE_SYNERGY","coal,iron","SET_RATE_PER_10","0.15","1","煤矿、铁矿每10块传送带·右上 +15%，最多计算10组。","地块协同","conveyor_belt_rightup","2","升华扩展 I","false"
"terrain_conveyor_belt_rightup_3","传送带·右上协同 Ⅲ","煤矿、铁矿每[color=#86EFAC][b]10块[/b][/color]已放置的[color=#67E9F8][b]传送带·右上[/b][/color]，结算价值 [color=#86EFAC][b]+20%[/b][/color]（最多 [color=#86EFAC][b]10组[/b][/color]）。","金币","400000","4K","4","5","-3","14","terrain_conveyor_belt_rightup_2","","placed_conveyor_belt_rightup ≥ 100","TERRAIN_ORE_SYNERGY","coal,iron","SET_RATE_PER_10","0.2","1","煤矿、铁矿每10块传送带·右上 +20%，最多计算10组。","地块协同","conveyor_belt_rightup","3","大数阶段","false"
"terrain_tnt_spawn_1","TNT 生成器协同 Ⅰ","黑曜石每[color=#86EFAC][b]10块[/b][/color]已放置的[color=#67E9F8][b]TNT 生成器[/b][/color]，结算价值 [color=#86EFAC][b]+10%[/b][/color]（最多 [color=#86EFAC][b]10组[/b][/color]）。","金币","4000","4K","4","3","-1","15","unlock_tile_tnt_spawn,unlock_obsidian","","placed_tnt_spawn ≥ 10","TERRAIN_ORE_SYNERGY","obsidian","SET_RATE_PER_10","0.1","1","黑曜石每10块TNT 生成器 +10%，最多计算10组。","地块协同","tnt_spawn","1","本轮核心","false"
"terrain_tnt_spawn_2","TNT 生成器协同 Ⅱ","黑曜石每[color=#86EFAC][b]10块[/b][/color]已放置的[color=#67E9F8][b]TNT 生成器[/b][/color]，结算价值 [color=#86EFAC][b]+15%[/b][/color]（最多 [color=#86EFAC][b]10组[/b][/color]）。","金币","80000","8K","8","4","-2","15","terrain_tnt_spawn_1","","placed_tnt_spawn ≥ 50","TERRAIN_ORE_SYNERGY","obsidian","SET_RATE_PER_10","0.15","1","黑曜石每10块TNT 生成器 +15%，最多计算10组。","地块协同","tnt_spawn","2","升华扩展 I","false"
"terrain_tnt_spawn_3","TNT 生成器协同 Ⅲ","黑曜石每[color=#86EFAC][b]10块[/b][/color]已放置的[color=#67E9F8][b]TNT 生成器[/b][/color]，结算价值 [color=#86EFAC][b]+20%[/b][/color]（最多 [color=#86EFAC][b]10组[/b][/color]）。","金币","1600000","1.6M","1.6","6","-3","15","terrain_tnt_spawn_2","","placed_tnt_spawn ≥ 100","TERRAIN_ORE_SYNERGY","obsidian","SET_RATE_PER_10","0.2","1","黑曜石每10块TNT 生成器 +20%，最多计算10组。","地块协同","tnt_spawn","3","大数阶段","false"
"terrain_tnt_1","TNT协同 Ⅰ","黑曜石每[color=#86EFAC][b]10块[/b][/color]已放置的[color=#67E9F8][b]TNT[/b][/color]，结算价值 [color=#86EFAC][b]+10%[/b][/color]（最多 [color=#86EFAC][b]10组[/b][/color]）。","金币","1000","1K","1","3","-1","16","unlock_tile_tnt,unlock_obsidian","","placed_tnt ≥ 10","TERRAIN_ORE_SYNERGY","obsidian","SET_RATE_PER_10","0.1","1","黑曜石每10块TNT +10%，最多计算10组。","地块协同","tnt","1","本轮核心","false"
"terrain_tnt_2","TNT协同 Ⅱ","黑曜石每[color=#86EFAC][b]10块[/b][/color]已放置的[color=#67E9F8][b]TNT[/b][/color]，结算价值 [color=#86EFAC][b]+15%[/b][/color]（最多 [color=#86EFAC][b]10组[/b][/color]）。","金币","20000","2K","2","4","-2","16","terrain_tnt_1","","placed_tnt ≥ 50","TERRAIN_ORE_SYNERGY","obsidian","SET_RATE_PER_10","0.15","1","黑曜石每10块TNT +15%，最多计算10组。","地块协同","tnt","2","升华扩展 I","false"
"terrain_tnt_3","TNT协同 Ⅲ","黑曜石每[color=#86EFAC][b]10块[/b][/color]已放置的[color=#67E9F8][b]TNT[/b][/color]，结算价值 [color=#86EFAC][b]+20%[/b][/color]（最多 [color=#86EFAC][b]10组[/b][/color]）。","金币","400000","4K","4","5","-3","16","terrain_tnt_2","","placed_tnt ≥ 100","TERRAIN_ORE_SYNERGY","obsidian","SET_RATE_PER_10","0.2","1","黑曜石每10块TNT +20%，最多计算10组。","地块协同","tnt","3","大数阶段","false"
"gold_council","黄金矿业议会","[color=#FACC15][b]金矿[/b][/color][color=#67E9F8][b]结算价值[/b][/color] [color=#86EFAC][b]×4[/b][/color]。","金币","1000000000","1B","1","9","6","1","unlock_gold","","gold_mined ≥ 50","ORE_VALUE_MULT","gold","MULTIPLY","4","1","","矿物价值升级","gold","Research","升华扩展 I","false"
